IdLimite,IdUsuario,LIMITE_DIARIO_ANTERIOR,LIMITE_DIARIO_ACTUAL,FECHA_ACTUALIZACION_DIA,LIMITE_SEMANA_ANTERIOR,LIMITE_SEMANA_ACTUAL,FECHA_ACTUALIZACION_SEMANA,LIMITE_MENSUAL_ANTERIOR,LIMITE_MENSUAL_ACTUAL,FECHA_ACTUALIZACION_MENSUAL,ESTADO
1,1,317041.25,577924.35,6/19/2019 0:00:00,676656.55,826067.5,2/16/2019 0:00:00,957085.8,375641.31,3/29/2019 0:00:00,Disponible
2,2,476660.92,135286.86,10/4/2019 0:00:00,699208.86,648312.42,7/31/2019 0:00:00,490738.2,805124.75,5/20/2019 0:00:00,Disponible
3,3,208440.43,509036.09,5/23/2019 0:00:00,160330.47,656531.05,8/14/2019 0:00:00,975224.68,232849.97,2/14/2019 0:00:00,Disponible
4,4,997299.84,927980.5,2/7/2019 0:00:00,921936.55,24441.24,8/24/2019 0:00:00,982899.64,332909.48,9/22/2019 0:00:00,Disponible
5,5,128670.84,790953.81,7/2/2019 0:00:00,474557.11,847995.32,5/13/2019 0:00:00,317471.18,895814.03,12/11/2018 0:00:00,Disponible
6,6,826445.31,84318.47,4/19/2019 0:00:00,791658.97,745355.22,8/12/2019 0:00:00,586139.9,354988.17,4/1/2019 0:00:00,Disponible
7,7,504625.06,443194.33,1/13/2019 0:00:00,906862.9,161238.44,12/20/2018 0:00:00,507842.24,851305.41,4/9/2019 0:00:00,Disponible
8,8,490166.44,305431.68,8/29/2019 0:00:00,750696.66,678812.45,10/3/2019 0:00:00,212458.92,166277,6/27/2019 0:00:00,Disponible
9,9,864494.93,815640.77,10/12/2019 0:00:00,801949.97,685617.35,10/7/2019 0:00:00,711951.62,831392.21,10/17/2019 0:00:00,Disponible
10,10,525534.96,805254.28,10/9/2019 0:00:00,473331.02,470720.79,11/23/2018 0:00:00,867929.55,555370.65,7/28/2019 0:00:00,Disponible
11,11,109935.1,885451.33,6/2/2019 0:00:00,499791.54,460999.05,1/28/2019 0:00:00,591440.74,372871.26,4/11/2019 0:00:00,Disponible
12,12,787519.36,424544.88,8/5/2019 0:00:00,628100.79,548291.59,8/9/2019 0:00:00,585316.73,791122.93,3/26/2019 0:00:00,Disponible
13,13,974426.46,858090.39,7/23/2019 0:00:00,164924.02,25133.7,8/9/2019 0:00:00,766266.46,279120.25,4/14/2019 0:00:00,Disponible
14,14,664612.2,860849.67,1/6/2019 0:00:00,309464.03,419021.25,4/20/2019 0:00:00,687374.49,921880.26,6/9/2019 0:00:00,Disponible
15,15,832936.96,808670.12,4/21/2019 0:00:00,22346.14,424085.89,7/6/2019 0:00:00,98293.78,442437.97,6/16/2019 0:00:00,Disponible
16,16,115583.73,339807.21,6/25/2019 0:00:00,192145.7,724400.53,8/19/2019 0:00:00,484762.87,285437.58,2/20/2019 0:00:00,Disponible
17,17,52632.87,637048.26,6/22/2019 0:00:00,900590,406182.52,12/12/2018 0:00:00,621829.97,77686.96,12/7/2018 0:00:00,Disponible
18,18,298866.14,39633.93,5/21/2019 0:00:00,760718.9,937166.68,6/18/2019 0:00:00,867464.25,580492.15,5/15/2019 0:00:00,Disponible
19,19,747199.31,959154.23,11/10/2018 0:00:00,362785.84,177554.71,5/16/2019 0:00:00,787752.39,734920.88,10/3/2019 0:00:00,Disponible
20,20,448119.3,484508.74,9/17/2019 0:00:00,490242.86,903177.51,6/20/2019 0:00:00,335704.09,455086.8,5/8/2019 0:00:00,Disponible
21,21,174516.35,79645.96,6/25/2019 0:00:00,237992.27,527856.81,9/4/2019 0:00:00,326823.37,467201.72,11/13/2018 0:00:00,Disponible
22,22,829031.82,853935.37,5/29/2019 0:00:00,289460.87,824500.4,10/9/2019 0:00:00,383643.66,104890.08,2/27/2019 0:00:00,Disponible
23,23,138952.56,110707.99,9/18/2019 0:00:00,850306.46,935797.01,3/22/2019 0:00:00,535619.86,583834.6,4/30/2019 0:00:00,Disponible
24,24,823528.86,303758.61,9/22/2019 0:00:00,922698.13,162962.52,12/24/2018 0:00:00,471394.45,375929.64,4/4/2019 0:00:00,Disponible
25,25,534481.21,755859.14,9/17/2019 0:00:00,809719.26,416881.22,7/16/2019 0:00:00,137325.65,880591.25,10/10/2019 0:00:00,Disponible
26,26,379385.3,68800.32,3/23/2019 0:00:00,754164.54,890677.58,8/11/2019 0:00:00,845789.91,996566.12,2/2/2019 0:00:00,Disponible
27,27,718711.94,575107.29,7/26/2019 0:00:00,959333.94,814522.12,2/20/2019 0:00:00,858924.44,355130.39,6/5/2019 0:00:00,Disponible
28,28,800353.94,783246.57,10/8/2019 0:00:00,423077.55,161376.71,1/21/2019 0:00:00,788936.38,545171.84,9/11/2019 0:00:00,Disponible
29,29,230443.8,753377.76,12/28/2018 0:00:00,999166.38,584826.23,1/6/2019 0:00:00,922692.16,793456.73,1/7/2019 0:00:00,Disponible
30,30,851494.72,248085.42,6/2/2019 0:00:00,507531.66,612250.83,5/19/2019 0:00:00,594498.3,941070.3,11/2/2018 0:00:00,Disponible
31,31,278865.34,875400.57,1/23/2019 0:00:00,590943.55,852146.63,6/10/2019 0:00:00,820044.19,57103.86,4/3/2019 0:00:00,Disponible
32,32,112856.25,450391.09,9/20/2019 0:00:00,400769.06,956988.44,3/1/2019 0:00:00,251224.16,147980.35,9/30/2019 0:00:00,Disponible
33,33,915182.31,150974.49,7/6/2019 0:00:00,933637.67,853815.27,6/10/2019 0:00:00,848249.06,283777.8,5/31/2019 0:00:00,Disponible
34,34,598185.32,76910.87,3/20/2019 0:00:00,848885.72,656554.02,5/31/2019 0:00:00,929188.11,89535.17,12/15/2018 0:00:00,Disponible
35,35,886814.69,333870.07,8/13/2019 0:00:00,166821.05,282689.19,7/8/2019 0:00:00,355674.65,148376.54,7/2/2019 0:00:00,Disponible
36,36,150646.87,20360.96,3/14/2019 0:00:00,698667.34,905565.42,1/31/2019 0:00:00,971352.8,149209.89,5/28/2019 0:00:00,Disponible
37,37,106371.78,718617.75,6/27/2019 0:00:00,112054.4,317364.15,2/24/2019 0:00:00,597963.32,775345.72,10/29/2018 0:00:00,Disponible
38,38,69817.49,687553.14,6/23/2019 0:00:00,606050.42,882699.77,7/8/2019 0:00:00,320624.19,888832.27,10/31/2018 0:00:00,Disponible
39,39,268566.26,266066.52,9/15/2019 0:00:00,30592.83,797733.29,4/15/2019 0:00:00,440597.08,671187.13,4/6/2019 0:00:00,Disponible
40,40,295208.35,990814.27,3/13/2019 0:00:00,572599.19,603037.62,2/15/2019 0:00:00,868707.61,563064.74,1/16/2019 0:00:00,Disponible
41,41,980486.29,281802.94,3/19/2019 0:00:00,895368.5,514662.92,7/4/2019 0:00:00,504817.92,461933.35,5/19/2019 0:00:00,Disponible
42,42,295466.06,624829.3,6/5/2019 0:00:00,464084.41,203737.11,12/13/2018 0:00:00,91644.65,803725.62,6/10/2019 0:00:00,Disponible
43,43,535450.43,691170.38,5/15/2019 0:00:00,609833.66,317135.08,4/24/2019 0:00:00,716743.8,109283.42,7/1/2019 0:00:00,Disponible
44,44,743490.78,908045.07,5/17/2019 0:00:00,862909.07,212707.77,11/30/2018 0:00:00,350694.17,949316.14,11/19/2018 0:00:00,Disponible
45,45,148675.15,705541.94,3/26/2019 0:00:00,153962.8,997447.06,10/16/2019 0:00:00,356016.81,937625.86,9/9/2019 0:00:00,Disponible
46,46,883314.02,58536.03,8/14/2019 0:00:00,896252.99,564947.51,12/5/2018 0:00:00,536737.19,37378.84,2/27/2019 0:00:00,Disponible
47,47,619430.53,296127.95,10/30/2018 0:00:00,165474.22,527242.45,10/15/2019 0:00:00,26280.87,97628.22,8/5/2019 0:00:00,Disponible
48,48,501032.66,468455.56,5/17/2019 0:00:00,618393.09,213085.61,4/29/2019 0:00:00,591328.94,621913.73,7/28/2019 0:00:00,Disponible
49,49,854436.3,840577.95,12/22/2018 0:00:00,542513.4,462720.96,12/4/2018 0:00:00,646266.92,285547.76,10/23/2018 0:00:00,Disponible
50,50,878562.28,882655.55,6/2/2019 0:00:00,125990.6,916919.85,1/25/2019 0:00:00,902811.69,144947.34,3/19/2019 0:00:00,Disponible
51,51,881319.27,89862.48,11/6/2018 0:00:00,932240.33,25092.32,4/25/2019 0:00:00,564990.95,609843.77,5/11/2019 0:00:00,Disponible
52,52,160510.89,102394.29,8/1/2019 0:00:00,43995.99,589818.24,1/27/2019 0:00:00,243062.68,579705.62,7/7/2019 0:00:00,Disponible
53,53,120446.97,161930,1/5/2019 0:00:00,24407.57,967023.9,10/17/2019 0:00:00,23924.11,433266.37,11/25/2018 0:00:00,Disponible
54,54,698815.25,875707.94,5/2/2019 0:00:00,829568.75,503607.06,2/27/2019 0:00:00,792238.31,156324.58,8/14/2019 0:00:00,Disponible
55,55,317805.86,608192.95,4/20/2019 0:00:00,37091.79,473377.69,8/26/2019 0:00:00,788364.36,849371.45,6/22/2019 0:00:00,Disponible
56,56,67802.37,241804.66,9/15/2019 0:00:00,987165.59,237867.38,4/28/2019 0:00:00,924090.85,908521.98,1/13/2019 0:00:00,Disponible
57,57,183348.13,561032.15,12/16/2018 0:00:00,737753.52,187035.79,11/5/2018 0:00:00,789763.38,636157.41,10/11/2019 0:00:00,Disponible
58,58,917340.9,964822.94,4/22/2019 0:00:00,953402.47,338028.1,5/3/2019 0:00:00,334144.56,133426.35,10/28/2018 0:00:00,Disponible
59,59,317536.27,464209.9,3/4/2019 0:00:00,439964.26,231162.81,4/26/2019 0:00:00,580438.93,191061.17,5/28/2019 0:00:00,Disponible
60,60,763601.61,933732.01,3/5/2019 0:00:00,425938.95,390820,5/29/2019 0:00:00,985351.15,965315.09,12/21/2018 0:00:00,Disponible
61,61,473113.33,987208.42,9/18/2019 0:00:00,920010.16,85806.05,6/19/2019 0:00:00,987159.62,755119.93,8/4/2019 0:00:00,Disponible
62,62,824980.15,714985.52,8/6/2019 0:00:00,297149.36,60213.99,6/30/2019 0:00:00,472067.73,372192.25,4/12/2019 0:00:00,Disponible
63,63,559562.56,588963.56,1/13/2019 0:00:00,410432.01,848414.04,1/16/2019 0:00:00,571959.64,762528.78,7/22/2019 0:00:00,Disponible
64,64,528247.7,76874.84,1/12/2019 0:00:00,133562.04,651967.42,12/24/2018 0:00:00,536370.27,803739.14,6/27/2019 0:00:00,Disponible
65,65,337172.3,445602.39,6/20/2019 0:00:00,620881.18,241992.43,4/19/2019 0:00:00,434523.33,621727.39,3/26/2019 0:00:00,Disponible
66,66,970163.6,203213.15,11/6/2018 0:00:00,839119.83,477360.53,9/15/2019 0:00:00,588600.81,701166.81,2/14/2019 0:00:00,Disponible
67,67,222096.25,847831.66,10/24/2018 0:00:00,426159.61,287558.23,11/24/2018 0:00:00,44155.67,278223.13,12/13/2018 0:00:00,Disponible
68,68,477494.93,304068.46,3/11/2019 0:00:00,240877.37,283619.67,9/26/2019 0:00:00,146735.02,142647.56,8/21/2019 0:00:00,Disponible
69,69,329454.22,884197.65,3/22/2019 0:00:00,829136.83,485677.93,10/23/2018 0:00:00,348245.2,38080.78,1/19/2019 0:00:00,Disponible
70,70,171224.98,982612.59,4/28/2019 0:00:00,974312.46,430281.24,7/18/2019 0:00:00,983081.32,399904.72,10/12/2019 0:00:00,Disponible
71,71,775517.2,859394.27,12/30/2018 0:00:00,266435.94,598233.57,7/5/2019 0:00:00,899698.2,569825.08,4/26/2019 0:00:00,Disponible
72,72,830975.9,142098.74,4/13/2019 0:00:00,814064.78,314311.82,9/28/2019 0:00:00,923889.3,87795.34,11/17/2018 0:00:00,Disponible
73,73,728286,678307.77,12/4/2018 0:00:00,161812.5,417904.86,5/26/2019 0:00:00,591599.95,464647.11,12/22/2018 0:00:00,Disponible
74,74,676175.87,40091.14,3/31/2019 0:00:00,619490.66,481962.06,3/11/2019 0:00:00,798534.79,795497.36,10/26/2018 0:00:00,Disponible
75,75,224583.32,635727.46,5/20/2019 0:00:00,334773.72,722009.99,9/6/2019 0:00:00,908468.59,333738.32,11/16/2018 0:00:00,Disponible
76,76,317749.21,265992.36,4/28/2019 0:00:00,682700.14,302388.24,6/8/2019 0:00:00,985392.68,727766.72,10/8/2019 0:00:00,Disponible
77,77,607530,747140.74,7/22/2019 0:00:00,151674.84,692283.97,7/23/2019 0:00:00,533018.34,717755.37,7/2/2019 0:00:00,Disponible
78,78,394696.76,440033.91,1/1/2019 0:00:00,884541.6,121636.41,8/23/2019 0:00:00,544089.88,479171.17,1/24/2019 0:00:00,Disponible
79,79,755204.43,757796.31,5/27/2019 0:00:00,77568.63,230726.52,1/17/2019 0:00:00,820487.22,628954.25,2/2/2019 0:00:00,Disponible
80,80,958199.18,772474.45,1/28/2019 0:00:00,255399.78,604258.66,1/28/2019 0:00:00,261882.87,271449.91,10/22/2018 0:00:00,Disponible
81,81,79683.12,420178.04,3/31/2019 0:00:00,185015.12,528669.63,9/17/2019 0:00:00,796851.84,613680.35,7/9/2019 0:00:00,Disponible
82,82,419695.62,159386.48,1/17/2019 0:00:00,221877.91,336643.23,4/29/2019 0:00:00,436862.56,467402.93,6/10/2019 0:00:00,Disponible
83,83,410010.47,175233.99,1/22/2019 0:00:00,485405.17,488682.56,4/4/2019 0:00:00,219028.38,559275.28,7/28/2019 0:00:00,Disponible
84,84,789191.43,914934.43,7/21/2019 0:00:00,600425.12,254816.94,9/4/2019 0:00:00,387108.73,766355.38,8/29/2019 0:00:00,Disponible
85,85,157165.16,524640.55,11/24/2018 0:00:00,505248.33,613390.93,5/7/2019 0:00:00,426470.8,747006.46,3/8/2019 0:00:00,Disponible
86,86,289540.07,831232.98,1/27/2019 0:00:00,50997.29,156467.87,7/12/2019 0:00:00,266525.59,766347.38,3/12/2019 0:00:00,Disponible
87,87,765413.51,56442.99,6/23/2019 0:00:00,811257.96,984823.57,9/11/2019 0:00:00,722431.17,412978.66,11/30/2018 0:00:00,Disponible
88,88,962808.69,150262.78,10/4/2019 0:00:00,301601.52,29919.11,7/18/2019 0:00:00,235416.95,412374.6,8/11/2019 0:00:00,Disponible
89,89,677375.37,739260.54,7/21/2019 0:00:00,921954.7,837453.97,3/25/2019 0:00:00,999848.25,836043.22,11/3/2018 0:00:00,Disponible
90,90,487291.13,322409.34,12/31/2018 0:00:00,386176.38,764222.02,11/5/2018 0:00:00,473503.57,876076.25,5/30/2019 0:00:00,Disponible
91,91,481058.81,186111.53,7/23/2019 0:00:00,413792.56,666074.55,9/3/2019 0:00:00,293766.24,889827.65,8/14/2019 0:00:00,Disponible
92,92,234028.46,676742.63,12/5/2018 0:00:00,286956.75,347137.08,7/30/2019 0:00:00,74241.2,844308.26,7/25/2019 0:00:00,Disponible
93,93,913565.24,672852.36,6/17/2019 0:00:00,572742.02,534549.72,6/19/2019 0:00:00,516629.77,966800.42,12/6/2018 0:00:00,Disponible
94,94,397384.77,815318.84,4/18/2019 0:00:00,841717.28,596704.76,9/15/2019 0:00:00,359180.92,522925.45,4/21/2019 0:00:00,Disponible
95,95,820342.31,103692.65,10/12/2019 0:00:00,36697.14,994010.99,5/11/2019 0:00:00,82467.09,81235.48,5/6/2019 0:00:00,Disponible
96,96,347148.14,299588.97,1/24/2019 0:00:00,234105.02,364089.37,2/19/2019 0:00:00,882588.26,838593.44,6/23/2019 0:00:00,Disponible
97,97,804072.57,733728.59,5/19/2019 0:00:00,570090.65,31670.71,2/18/2019 0:00:00,374154.82,199963.99,10/10/2019 0:00:00,Disponible
98,98,611251.9,722622.17,6/7/2019 0:00:00,604027.35,122128.96,11/8/2018 0:00:00,754257.06,916607.88,1/4/2019 0:00:00,Disponible
99,99,838796.74,273306,8/14/2019 0:00:00,566802.28,358810.1,4/2/2019 0:00:00,615827.27,961859.01,12/30/2018 0:00:00,Disponible
100,100,79791.16,133092.35,5/7/2019 0:00:00,778052.81,76600.53,3/17/2019 0:00:00,624013.3,438763.04,1/26/2019 0:00:00,Disponible
101,101,26597.42,776558.88,3/22/2019 0:00:00,643764.81,118982.57,9/1/2019 0:00:00,868175.43,68745.04,9/27/2019 0:00:00,Disponible
102,102,383461.74,52434.27,7/8/2019 0:00:00,941009.59,389252.67,12/2/2018 0:00:00,990566.2,780495.07,11/21/2018 0:00:00,Disponible
103,103,730994.66,218652.6,10/22/2018 0:00:00,802250.17,110985.01,3/15/2019 0:00:00,651088.2,984600.99,6/29/2019 0:00:00,Disponible
104,104,336984.6,78469.04,10/25/2018 0:00:00,81502.36,284658.02,3/12/2019 0:00:00,425421.79,598054.78,9/3/2019 0:00:00,Disponible
105,105,948780.09,944824.35,11/19/2018 0:00:00,512853.65,196707.6,8/2/2019 0:00:00,760193.19,151596.7,9/29/2019 0:00:00,Disponible
106,106,649700.25,125765.06,6/6/2019 0:00:00,216234.08,839029.33,10/9/2019 0:00:00,769092.24,114829.29,4/29/2019 0:00:00,Disponible
107,107,581374.41,840219.61,5/10/2019 0:00:00,557590.47,176797.22,10/26/2018 0:00:00,608453.17,301848.67,7/27/2019 0:00:00,Disponible
108,108,390171.62,122136.25,7/11/2019 0:00:00,25342.3,80857.47,9/5/2019 0:00:00,84740.89,902787.65,1/16/2019 0:00:00,Disponible
109,109,82943.45,360829.58,10/23/2018 0:00:00,620003.39,496820.22,1/15/2019 0:00:00,951719.57,339825.09,4/27/2019 0:00:00,Disponible
110,110,811934.66,172932.93,12/18/2018 0:00:00,184729.25,302270.95,2/4/2019 0:00:00,480771.68,472023.47,4/15/2019 0:00:00,Disponible
111,111,507505.77,404313.1,6/29/2019 0:00:00,773016.02,565553.99,5/15/2019 0:00:00,214902.2,850886.42,5/30/2019 0:00:00,Disponible
112,112,307848.11,80169.86,7/15/2019 0:00:00,57108.55,625784.87,2/7/2019 0:00:00,674786.87,706693.63,11/1/2018 0:00:00,Disponible
113,113,960879.18,688519.85,6/2/2019 0:00:00,481484.98,136687.19,8/4/2019 0:00:00,785800.7,743843.23,3/29/2019 0:00:00,Disponible
114,114,744896.61,534750.2,9/18/2019 0:00:00,386175.23,175046.59,5/14/2019 0:00:00,168138.84,269949.46,8/3/2019 0:00:00,Disponible
115,115,537975.49,462823.2,8/2/2019 0:00:00,100644.41,458028.41,11/5/2018 0:00:00,750427.1,295476.97,9/30/2019 0:00:00,Disponible
116,116,955241.67,170392.69,6/24/2019 0:00:00,589486.46,499176.98,7/22/2019 0:00:00,951420.8,445369.77,2/11/2019 0:00:00,Disponible
117,117,838093.69,434287.77,9/18/2019 0:00:00,619715.13,216782.39,9/27/2019 0:00:00,415559.36,530267.08,5/25/2019 0:00:00,Disponible
118,118,780270.59,874569.67,1/23/2019 0:00:00,770579.98,64583.59,12/16/2018 0:00:00,50008.16,320116.33,4/21/2019 0:00:00,Disponible
119,119,315214.36,251325.23,8/25/2019 0:00:00,419435.84,478818.86,8/3/2019 0:00:00,210648.28,477863.32,6/1/2019 0:00:00,Disponible
120,120,34441.44,880357,3/29/2019 0:00:00,37488.41,482508.13,1/10/2019 0:00:00,40123.91,841718.29,2/10/2019 0:00:00,Disponible
121,121,196057.2,556844.8,8/11/2019 0:00:00,539982.36,35084.49,8/2/2019 0:00:00,388601.92,162971.97,2/6/2019 0:00:00,Disponible
122,122,713456.58,785175.32,8/3/2019 0:00:00,609775.76,431970.69,10/25/2018 0:00:00,877312.94,461285.79,2/27/2019 0:00:00,Disponible
123,123,916692.49,278929.82,10/13/2019 0:00:00,141531.21,925257.7,5/1/2019 0:00:00,344040.65,438039.56,10/19/2018 0:00:00,Disponible
124,124,89930.68,675661.51,4/15/2019 0:00:00,515565.57,127873.39,2/7/2019 0:00:00,909764.99,480097.97,10/9/2019 0:00:00,Disponible
125,125,413588.54,110399.04,7/3/2019 0:00:00,432189.19,365798.62,12/12/2018 0:00:00,200608.44,577907.8,4/6/2019 0:00:00,Disponible
126,126,130353.88,186794.71,2/11/2019 0:00:00,350944.44,475833.01,10/8/2019 0:00:00,422213.16,741762.22,3/5/2019 0:00:00,Disponible
127,127,286964.39,272034.22,9/18/2019 0:00:00,430933.9,315434.63,8/7/2019 0:00:00,813597.64,190925.27,7/5/2019 0:00:00,Disponible
128,128,762015.02,844606.57,4/8/2019 0:00:00,707675.58,960014.42,9/9/2019 0:00:00,429237.15,929928.45,12/23/2018 0:00:00,Disponible
129,129,576873.87,952297.38,3/29/2019 0:00:00,735228.7,206707.79,2/23/2019 0:00:00,261772.33,244256.46,4/14/2019 0:00:00,Disponible
130,130,449730.24,668290.51,11/18/2018 0:00:00,797475.73,267155.18,2/16/2019 0:00:00,294934.92,378545.44,2/2/2019 0:00:00,Disponible
131,131,112523.34,366604.47,3/3/2019 0:00:00,924378.02,217921.75,5/29/2019 0:00:00,23015.16,966725.52,9/30/2019 0:00:00,Disponible
132,132,378593.94,338392.33,3/6/2019 0:00:00,701169.72,411118.47,9/7/2019 0:00:00,387958.47,41760.66,6/14/2019 0:00:00,Disponible
133,133,863814.41,662714.76,8/10/2019 0:00:00,539750.08,626402.3,6/12/2019 0:00:00,240301.4,188478.18,1/28/2019 0:00:00,Disponible
134,134,178226.12,104821.4,2/10/2019 0:00:00,682887.07,656321.35,11/6/2018 0:00:00,568899.45,538156.41,4/17/2019 0:00:00,Disponible
135,135,197723.09,452872.32,10/1/2019 0:00:00,431342.23,674023.88,11/19/2018 0:00:00,212516.64,182405.94,10/2/2019 0:00:00,Disponible
136,136,101914.04,885599.58,1/8/2019 0:00:00,954332.22,571447.87,7/17/2019 0:00:00,38004.13,816885.92,12/13/2018 0:00:00,Disponible
137,137,325760.09,484301.33,2/1/2019 0:00:00,900906.42,541385.87,4/2/2019 0:00:00,556926.14,278013.65,5/13/2019 0:00:00,Disponible
138,138,390150.43,362188.75,3/19/2019 0:00:00,698793.73,922424.78,4/9/2019 0:00:00,641842.96,684494.21,5/17/2019 0:00:00,Disponible
139,139,972631.12,634455.21,7/8/2019 0:00:00,405294.92,231232.68,8/18/2019 0:00:00,833771.1,124780.49,2/7/2019 0:00:00,Disponible
140,140,100144.64,532759.93,9/6/2019 0:00:00,531614.01,464896.32,5/19/2019 0:00:00,61028.68,344484.9,11/21/2018 0:00:00,Disponible
141,141,248548.96,502659.89,9/10/2019 0:00:00,210338.31,981710.74,10/7/2019 0:00:00,815792.58,200765.41,5/14/2019 0:00:00,Disponible
142,142,767056.55,137071.99,11/5/2018 0:00:00,673824.13,270397.6,2/5/2019 0:00:00,28544.9,55473.39,1/4/2019 0:00:00,Disponible
143,143,752876.9,983536.64,11/10/2018 0:00:00,387730.62,722719.79,7/29/2019 0:00:00,515615.71,336214.19,4/6/2019 0:00:00,Disponible
144,144,854725.53,775227.83,6/28/2019 0:00:00,895078.26,149219.09,10/26/2018 0:00:00,496910.82,714683.79,2/9/2019 0:00:00,Disponible
145,145,312158.08,865805.48,6/4/2019 0:00:00,355365.78,691997.71,11/18/2018 0:00:00,213236.89,115997.08,5/5/2019 0:00:00,Disponible
146,146,339512.52,700216.95,8/1/2019 0:00:00,737625.5,194561.85,11/1/2018 0:00:00,541965.87,932162.45,11/9/2018 0:00:00,Disponible
147,147,957161.59,60930.31,11/19/2018 0:00:00,598756.12,964811.66,2/5/2019 0:00:00,154591.86,892940.45,3/30/2019 0:00:00,Disponible
148,148,966232.26,899524.41,4/13/2019 0:00:00,943335.29,47022.73,1/24/2019 0:00:00,279038.72,406035.67,8/18/2019 0:00:00,Disponible
149,149,923238.74,257523.78,9/9/2019 0:00:00,750381.45,469036.74,10/8/2019 0:00:00,422203.69,949666.97,1/13/2019 0:00:00,Disponible
150,150,792341.8,577828.63,12/19/2018 0:00:00,214795.08,968692.35,1/4/2019 0:00:00,75377.76,957576.04,10/17/2019 0:00:00,Disponible
151,151,892147.74,859720.94,12/28/2018 0:00:00,289866.32,724231.04,10/3/2019 0:00:00,736719.2,211817.28,12/30/2018 0:00:00,Disponible
152,152,286394.89,600660.81,9/22/2019 0:00:00,479687.73,611619.3,6/15/2019 0:00:00,508052.13,993009.35,12/7/2018 0:00:00,Disponible
153,153,857052.86,198735.34,7/22/2019 0:00:00,730865.69,598411.3,11/25/2018 0:00:00,375538.78,138846.07,8/27/2019 0:00:00,Disponible
154,154,82689.34,459474.38,6/10/2019 0:00:00,676390.09,115115.42,3/19/2019 0:00:00,383548.05,282647.38,7/30/2019 0:00:00,Disponible
155,155,929117.1,397448.3,3/14/2019 0:00:00,77274.43,516967.17,9/12/2019 0:00:00,43276,934547.01,2/10/2019 0:00:00,Disponible
156,156,333127.75,780006.99,2/21/2019 0:00:00,572761.11,748229.04,12/27/2018 0:00:00,269412.75,650489.55,12/21/2018 0:00:00,Disponible
157,157,522622.19,657127.68,6/13/2019 0:00:00,258354.53,757556.95,10/28/2018 0:00:00,934263.93,900190.25,6/15/2019 0:00:00,Disponible
158,158,68402.18,653122.33,10/3/2019 0:00:00,688994.54,147676.2,6/13/2019 0:00:00,150471.12,857800.7,12/18/2018 0:00:00,Disponible
159,159,469452.35,944768.67,9/7/2019 0:00:00,815952.11,355422.42,4/5/2019 0:00:00,268956.6,663760.28,4/22/2019 0:00:00,Disponible
160,160,544520.22,681342.03,9/1/2019 0:00:00,370682.4,299781.72,10/13/2019 0:00:00,922630.64,979527.6,2/10/2019 0:00:00,Disponible
161,161,518500.17,690748.8,3/16/2019 0:00:00,839520.19,435128.38,3/24/2019 0:00:00,109808.37,640461.36,7/16/2019 0:00:00,Disponible
162,162,925186.69,585162.47,5/24/2019 0:00:00,89405.59,225222.06,12/22/2018 0:00:00,670801.36,110637.06,7/6/2019 0:00:00,Disponible
163,163,536667.78,518450.51,9/30/2019 0:00:00,40990.74,153006.01,7/10/2019 0:00:00,28834.21,614303.5,10/3/2019 0:00:00,Disponible
164,164,776148.57,35432.5,12/1/2018 0:00:00,984035,849541.77,1/28/2019 0:00:00,631478.27,386109.29,11/27/2018 0:00:00,Disponible
165,165,586108.87,418433.82,1/21/2019 0:00:00,93050.87,530357.83,11/14/2018 0:00:00,894742.38,900645.05,1/10/2019 0:00:00,Disponible
166,166,110854.26,323154.8,12/1/2018 0:00:00,739051.58,981945.87,9/26/2019 0:00:00,901781.62,802697.71,8/11/2019 0:00:00,Disponible
167,167,631142.44,240212.24,9/27/2019 0:00:00,543159.86,450119.5,1/1/2019 0:00:00,92730.82,318717.48,9/13/2019 0:00:00,Disponible
168,168,894275.04,397313.38,11/2/2018 0:00:00,720299.92,148897.41,5/29/2019 0:00:00,462099.58,312318.55,4/14/2019 0:00:00,Disponible
169,169,722698.37,463312.8,6/27/2019 0:00:00,923662.57,421993.18,7/28/2019 0:00:00,772173.12,990032.1,9/25/2019 0:00:00,Disponible
170,170,888998.62,357995.73,11/2/2018 0:00:00,292794.44,567874.88,11/4/2018 0:00:00,911275.86,596128.5,7/1/2019 0:00:00,Disponible
171,171,863143.83,479222.6,2/24/2019 0:00:00,370071.8,343104.96,1/26/2019 0:00:00,950548.61,807059.95,10/24/2018 0:00:00,Disponible
172,172,982274.39,418393.95,2/27/2019 0:00:00,820959.69,57977.26,8/18/2019 0:00:00,554342.49,237344.42,2/20/2019 0:00:00,Disponible
173,173,95973.78,922081.27,6/11/2019 0:00:00,439034.06,877421.99,11/18/2018 0:00:00,634698.75,413896.95,6/16/2019 0:00:00,Disponible
174,174,353155.85,88558.91,12/22/2018 0:00:00,452659.82,170159.67,6/14/2019 0:00:00,265755.53,350588.48,1/28/2019 0:00:00,Disponible
175,175,311608.64,902423.04,2/13/2019 0:00:00,792014.08,436000.49,4/13/2019 0:00:00,970800.85,188084.05,3/9/2019 0:00:00,Disponible
176,176,694677.88,99476.3,5/3/2019 0:00:00,858889.24,879205.98,6/11/2019 0:00:00,531025.04,705643.17,12/24/2018 0:00:00,Disponible
177,177,914055.89,975481.17,11/27/2018 0:00:00,965932.68,197194.64,2/4/2019 0:00:00,242877.86,153046.57,4/27/2019 0:00:00,Disponible
178,178,780247.53,600217.59,5/26/2019 0:00:00,608481.32,487141.18,7/20/2019 0:00:00,588977.15,268058.16,11/27/2018 0:00:00,Disponible
179,179,477929.86,308910.98,5/22/2019 0:00:00,176089.57,94792.25,11/16/2018 0:00:00,649723.65,608232.37,12/17/2018 0:00:00,Disponible
180,180,446920.58,888573.64,9/14/2019 0:00:00,486340.93,276933.23,12/4/2018 0:00:00,842673.23,92662,7/5/2019 0:00:00,Disponible
181,181,305494.13,146473.2,4/13/2019 0:00:00,350655.28,974900.59,11/25/2018 0:00:00,813494.67,294114.02,7/18/2019 0:00:00,Disponible
182,182,633389.14,776078.89,3/13/2019 0:00:00,471060.71,815276.26,4/14/2019 0:00:00,798358.45,552409.17,1/29/2019 0:00:00,Disponible
183,183,277311.73,453952.23,2/25/2019 0:00:00,234467.05,934370.62,3/23/2019 0:00:00,845738.76,884336.58,12/16/2018 0:00:00,Disponible
184,184,716284.68,283088.7,5/2/2019 0:00:00,818147.2,291185.76,1/31/2019 0:00:00,116111.85,951077.46,4/20/2019 0:00:00,Disponible
185,185,861314.27,736885.93,10/16/2019 0:00:00,461475.76,952759.55,2/27/2019 0:00:00,855896.22,874426.05,11/1/2018 0:00:00,Disponible
186,186,67348.45,185047.12,7/1/2019 0:00:00,379898.53,432942.22,9/25/2019 0:00:00,990558.6,324498.21,4/3/2019 0:00:00,Disponible
187,187,552163.43,912686.55,7/18/2019 0:00:00,992417.44,760399.78,7/26/2019 0:00:00,629252.02,36001.42,10/16/2019 0:00:00,Disponible
188,188,419360.77,690706.36,4/7/2019 0:00:00,280519.04,540954.91,11/25/2018 0:00:00,439222.82,581350.57,7/6/2019 0:00:00,Disponible
189,189,716891.52,651786.15,9/8/2019 0:00:00,109065.15,708754.38,11/20/2018 0:00:00,843422.86,563616.24,8/25/2019 0:00:00,Disponible
190,190,123987.4,223801,1/2/2019 0:00:00,398945.33,158441.44,10/9/2019 0:00:00,730423.77,117110.8,7/2/2019 0:00:00,Disponible
191,191,565980.75,200446.13,4/16/2019 0:00:00,59931.37,186933.58,11/20/2018 0:00:00,933175.44,802364.9,8/23/2019 0:00:00,Disponible
192,192,71701.6,894708.74,12/18/2018 0:00:00,250958.95,902737.26,6/20/2019 0:00:00,317730.44,558105.21,2/23/2019 0:00:00,Disponible
193,193,925298.72,161159.71,5/13/2019 0:00:00,181235.01,554205.81,8/1/2019 0:00:00,216510.46,59390.04,1/3/2019 0:00:00,Disponible
194,194,438225.11,221998.15,4/14/2019 0:00:00,168104.2,62329.49,11/16/2018 0:00:00,537788.85,788349.33,1/15/2019 0:00:00,Disponible
195,195,195083.26,773285.68,2/1/2019 0:00:00,829425.94,560083.88,1/27/2019 0:00:00,317628.58,848685.34,11/15/2018 0:00:00,Disponible
196,196,408790.32,642877.69,12/25/2018 0:00:00,730959.86,43901.01,10/5/2019 0:00:00,343077.82,434091.36,11/24/2018 0:00:00,Disponible
197,197,783324.03,999997.79,4/30/2019 0:00:00,480413.55,47054.31,7/9/2019 0:00:00,960152.54,412368.41,4/14/2019 0:00:00,Disponible
198,198,394379.29,910937.64,10/1/2019 0:00:00,789700.28,518160.01,6/29/2019 0:00:00,56906.19,101852.62,7/1/2019 0:00:00,Disponible
199,199,719248.68,920850.83,1/3/2019 0:00:00,180896.26,998644.06,6/16/2019 0:00:00,159670.14,421613.57,3/3/2019 0:00:00,Disponible
200,200,475836.3,424754.8,7/13/2019 0:00:00,556947.14,296267.02,9/30/2019 0:00:00,271169.47,449944.22,10/18/2019 0:00:00,Disponible
201,201,606484.67,137723.89,11/20/2018 0:00:00,107255.57,940715.99,11/21/2018 0:00:00,793062.75,699530.75,2/10/2019 0:00:00,Disponible
202,202,500987.67,573866.11,8/16/2019 0:00:00,953808.04,726932.17,10/28/2018 0:00:00,391433.34,991024.51,6/2/2019 0:00:00,Disponible
203,203,434102.26,126590.59,6/29/2019 0:00:00,486872.55,753425.27,2/16/2019 0:00:00,584935.56,112918.77,12/24/2018 0:00:00,Disponible
204,204,277811.13,872720.55,11/13/2018 0:00:00,30170.48,979085.59,5/3/2019 0:00:00,746752.44,286964.22,6/1/2019 0:00:00,Disponible
205,205,910737.3,314733.41,10/14/2019 0:00:00,318661.8,488554.71,10/20/2018 0:00:00,109812.15,901202.4,5/15/2019 0:00:00,Disponible
206,206,690741.13,332323.78,1/26/2019 0:00:00,190828.58,770885.19,7/9/2019 0:00:00,447305.96,614052.21,2/18/2019 0:00:00,Disponible
207,207,267669.63,460553.9,5/30/2019 0:00:00,187667.59,255979.1,3/4/2019 0:00:00,594888.73,590693.15,5/28/2019 0:00:00,Disponible
208,208,765250.19,492843.68,9/3/2019 0:00:00,927465.52,974853.43,11/2/2018 0:00:00,403760.95,116258.23,7/2/2019 0:00:00,Disponible
209,209,184560.63,685860.02,4/9/2019 0:00:00,683422.37,274890.61,11/16/2018 0:00:00,298871.93,234780.17,9/23/2019 0:00:00,Disponible
210,210,255399.91,135536.85,10/6/2019 0:00:00,391918.29,721807.55,10/27/2018 0:00:00,612320.39,133419.24,11/17/2018 0:00:00,Disponible
211,211,485989.16,243275.25,12/30/2018 0:00:00,99634.54,821504.98,2/15/2019 0:00:00,352085.15,556741.21,7/21/2019 0:00:00,Disponible
212,212,303316,364498.64,10/4/2019 0:00:00,674993.85,650970.76,10/27/2018 0:00:00,889162.36,606730.85,11/20/2018 0:00:00,Disponible
213,213,220032.93,115634.81,9/9/2019 0:00:00,131401.63,458816.1,3/1/2019 0:00:00,407424.76,290857.64,5/2/2019 0:00:00,Disponible
214,214,951289.17,575890.33,11/4/2018 0:00:00,455469.12,453422.91,5/22/2019 0:00:00,392076.9,833630.67,5/18/2019 0:00:00,Disponible
215,215,625146.13,61680.89,8/10/2019 0:00:00,565931.33,364268.11,10/8/2019 0:00:00,459454.26,522954.64,2/10/2019 0:00:00,Disponible
216,216,437688.98,266925.8,9/2/2019 0:00:00,564967.21,760336.56,6/7/2019 0:00:00,258802.2,923448.59,1/23/2019 0:00:00,Disponible
217,217,888840.26,151928.22,2/23/2019 0:00:00,165593.86,251775.05,7/9/2019 0:00:00,779261.05,369381.14,5/17/2019 0:00:00,Disponible
218,218,123828.28,144809.14,9/13/2019 0:00:00,305297.49,93733.11,6/13/2019 0:00:00,911094.7,632056.47,9/26/2019 0:00:00,Disponible
219,219,721991.94,776854.2,5/2/2019 0:00:00,909861.54,267015.82,8/21/2019 0:00:00,501929.56,241200.12,7/23/2019 0:00:00,Disponible
220,220,271436.76,980054.92,4/26/2019 0:00:00,644294.43,510648.54,6/10/2019 0:00:00,458663.82,555325.18,10/30/2018 0:00:00,Disponible
221,221,968726.61,849632.16,9/23/2019 0:00:00,181084.67,824658.46,10/13/2019 0:00:00,552501.59,769634.21,10/25/2018 0:00:00,Disponible
222,222,727350.51,233976.93,8/23/2019 0:00:00,281754.72,418702.12,10/10/2019 0:00:00,702581.24,140171.68,12/28/2018 0:00:00,Disponible
223,223,685728.61,24073.37,3/6/2019 0:00:00,747253.05,47920.99,7/14/2019 0:00:00,342571.87,455201.26,6/9/2019 0:00:00,Disponible
224,224,106242.51,369911.72,6/10/2019 0:00:00,818779.16,548687.27,3/2/2019 0:00:00,260724.33,813885.67,3/6/2019 0:00:00,Disponible
225,225,99160.81,646445.62,4/23/2019 0:00:00,735860.12,297861.05,9/9/2019 0:00:00,926087,937451.68,10/20/2018 0:00:00,Disponible
226,226,203858.46,706246.84,11/4/2018 0:00:00,498688.61,491391,5/3/2019 0:00:00,366194.18,815417.41,10/30/2018 0:00:00,Disponible
227,227,369506.69,865228.9,1/31/2019 0:00:00,811398.83,153918.36,4/3/2019 0:00:00,717817.72,749046.64,1/17/2019 0:00:00,Disponible
228,228,583630.99,245139.06,4/10/2019 0:00:00,440979.65,545627.64,5/19/2019 0:00:00,506696.3,208957.37,12/8/2018 0:00:00,Disponible
229,229,390528.98,971060.08,11/17/2018 0:00:00,602022.13,504284.06,8/6/2019 0:00:00,904928.57,771850.26,2/28/2019 0:00:00,Disponible
230,230,765142.63,763467.79,7/4/2019 0:00:00,876480.22,590386.95,10/2/2019 0:00:00,295949.26,402045.97,8/22/2019 0:00:00,Disponible
231,231,331836.26,779366.66,5/29/2019 0:00:00,578702.08,319711.27,3/19/2019 0:00:00,998595.62,615539.42,2/26/2019 0:00:00,Disponible
232,232,687292.41,546929.77,5/3/2019 0:00:00,952915.05,187886,4/4/2019 0:00:00,28197.27,535309.71,12/26/2018 0:00:00,Disponible
233,233,705953.31,197311.15,2/25/2019 0:00:00,347109.29,771904.08,5/18/2019 0:00:00,625508.6,288895.73,4/29/2019 0:00:00,Disponible
234,234,785981.2,303121.75,5/11/2019 0:00:00,835552,790863.92,7/10/2019 0:00:00,463681.97,105235.55,4/29/2019 0:00:00,Disponible
235,235,107473.7,454747.74,8/30/2019 0:00:00,754853.21,512089.64,4/18/2019 0:00:00,847144.72,957527.48,11/1/2018 0:00:00,Disponible
236,236,804726.59,562487.44,3/4/2019 0:00:00,571105.86,328291,8/19/2019 0:00:00,870072.73,864055.15,11/6/2018 0:00:00,Disponible
237,237,500463.84,895521.12,4/17/2019 0:00:00,991640.22,26857.16,11/7/2018 0:00:00,616884.59,919738.86,12/12/2018 0:00:00,Disponible
238,238,315195.51,137532.86,2/2/2019 0:00:00,525671.59,227221.29,8/29/2019 0:00:00,986294.84,405296.17,11/2/2018 0:00:00,Disponible
239,239,65559.22,203775.27,7/25/2019 0:00:00,685329.99,238393.34,8/19/2019 0:00:00,932608.96,605978.09,9/6/2019 0:00:00,Disponible
240,240,665946.11,187809.64,8/20/2019 0:00:00,99787.99,182645.46,10/30/2018 0:00:00,322474.96,343199.65,3/30/2019 0:00:00,Disponible
241,241,740648.9,279568.35,4/28/2019 0:00:00,561639.28,281750.52,8/4/2019 0:00:00,417681.25,173917.81,7/6/2019 0:00:00,Disponible
242,242,168644.09,819339.8,10/26/2018 0:00:00,782806.06,820869.01,1/1/2019 0:00:00,20401.69,450332.67,4/24/2019 0:00:00,Disponible
243,243,748942.55,493805.09,10/26/2018 0:00:00,246969.52,711875.28,11/10/2018 0:00:00,98702.96,637162.19,10/8/2019 0:00:00,Disponible
244,244,583430.89,401997.54,7/13/2019 0:00:00,820663.52,515817,7/10/2019 0:00:00,400816.53,59147.63,1/5/2019 0:00:00,Disponible
245,245,349430.47,735718.51,11/6/2018 0:00:00,688262.21,740873.1,1/19/2019 0:00:00,424977.03,622194.53,12/18/2018 0:00:00,Disponible
246,246,109330.25,217622.88,4/9/2019 0:00:00,889498.17,490278.33,4/7/2019 0:00:00,314173.02,376014.3,8/8/2019 0:00:00,Disponible
247,247,250506.61,599041.34,3/5/2019 0:00:00,431222.92,746494.96,1/27/2019 0:00:00,653282.09,802562.59,3/23/2019 0:00:00,Disponible
248,248,205821.19,430942.53,12/6/2018 0:00:00,416401.14,436023.09,8/23/2019 0:00:00,53177.35,477791.62,1/15/2019 0:00:00,Disponible
249,249,969037.19,338019.14,5/3/2019 0:00:00,537130.41,617505.62,7/18/2019 0:00:00,902456.51,613817.56,11/23/2018 0:00:00,Disponible
250,250,384563.22,261673.3,5/25/2019 0:00:00,597929.74,525466.56,1/24/2019 0:00:00,513303.36,89347.03,7/20/2019 0:00:00,Disponible
251,251,858343.08,660359.57,10/2/2019 0:00:00,965913.21,156186.66,12/12/2018 0:00:00,273766.69,463557.17,3/18/2019 0:00:00,Disponible
252,252,480785.94,648027.55,6/3/2019 0:00:00,837048.35,776777.64,9/24/2019 0:00:00,964713.59,675663.24,5/29/2019 0:00:00,Disponible
253,253,552502.81,752398.68,9/7/2019 0:00:00,320822.09,183308.73,4/7/2019 0:00:00,837553.35,687604.68,2/22/2019 0:00:00,Disponible
254,254,752071.38,52905.51,7/10/2019 0:00:00,193734.34,488426.87,2/4/2019 0:00:00,998308.37,487322.33,1/22/2019 0:00:00,Disponible
255,255,690087.52,509731.98,12/1/2018 0:00:00,241031.54,633213.22,12/3/2018 0:00:00,603874.31,429968.66,11/10/2018 0:00:00,Disponible
256,256,338224.55,392668.57,4/27/2019 0:00:00,134130.54,336846.55,9/21/2019 0:00:00,525117.57,996566.45,9/8/2019 0:00:00,Disponible
257,257,203033.52,832734.05,10/5/2019 0:00:00,975065.46,295714.56,12/8/2018 0:00:00,642012.24,697863.99,9/22/2019 0:00:00,Disponible
258,258,786030.31,280956.86,3/13/2019 0:00:00,158975.07,186975.63,12/1/2018 0:00:00,181010.58,44903.59,4/27/2019 0:00:00,Disponible
259,259,468242.07,269056.47,1/8/2019 0:00:00,111902.58,567026.55,3/23/2019 0:00:00,188691.83,354314.43,10/4/2019 0:00:00,Disponible
260,260,550848.39,750722.14,7/2/2019 0:00:00,112744.48,27206.31,8/4/2019 0:00:00,331619.84,488868.33,3/31/2019 0:00:00,Disponible
261,261,264766.04,124511.82,4/21/2019 0:00:00,420019.1,962138.61,7/12/2019 0:00:00,921758.2,445360.24,6/7/2019 0:00:00,Disponible
262,262,51495.19,654242.23,1/6/2019 0:00:00,319322.83,358313.47,7/19/2019 0:00:00,714412.51,809822.12,10/16/2019 0:00:00,Disponible
263,263,512902.86,78345.87,11/16/2018 0:00:00,137070.72,358832.03,3/7/2019 0:00:00,348103.1,79060.09,3/17/2019 0:00:00,Disponible
264,264,922727.76,679266.49,7/15/2019 0:00:00,772067.77,148902.96,4/22/2019 0:00:00,461472.31,60393.5,4/3/2019 0:00:00,Disponible
265,265,900715.24,655010.47,2/10/2019 0:00:00,175404.52,372559.17,2/18/2019 0:00:00,177854.37,778993.88,5/12/2019 0:00:00,Disponible
266,266,627929.39,523750.79,12/12/2018 0:00:00,451224.16,443859.76,5/4/2019 0:00:00,426353.03,853197.27,5/3/2019 0:00:00,Disponible
267,267,55016.32,225542.94,12/2/2018 0:00:00,979301.73,863401.06,5/10/2019 0:00:00,841275.02,485078.72,11/21/2018 0:00:00,Disponible
268,268,911980.58,115694.7,4/3/2019 0:00:00,62901.97,99100.09,5/11/2019 0:00:00,787552.14,982000.98,3/12/2019 0:00:00,Disponible
269,269,58098.42,570969.85,11/23/2018 0:00:00,217254.44,31576.31,10/1/2019 0:00:00,428479.21,541851.02,2/26/2019 0:00:00,Disponible
270,270,539786.17,928264.94,12/7/2018 0:00:00,240800.95,405740.53,6/10/2019 0:00:00,801101.9,934203.27,4/16/2019 0:00:00,Disponible
271,271,119212.27,835561.3,2/9/2019 0:00:00,984960.53,392669.16,1/4/2019 0:00:00,782681.99,993936.2,8/13/2019 0:00:00,Disponible
272,272,390138.27,306753.47,8/29/2019 0:00:00,650341.72,193706.52,1/12/2019 0:00:00,246780.88,742601.97,9/2/2019 0:00:00,Disponible
273,273,338637.91,770253.55,4/8/2019 0:00:00,839478.82,251545.75,5/20/2019 0:00:00,77386.79,200723.88,8/9/2019 0:00:00,Disponible
274,274,20361.83,616039.25,1/28/2019 0:00:00,833120.5,847992.34,7/17/2019 0:00:00,514032.56,873771.23,12/5/2018 0:00:00,Disponible
275,275,849638.77,325477.58,10/1/2019 0:00:00,978034.53,62637.14,5/27/2019 0:00:00,629254.3,241102.84,3/31/2019 0:00:00,Disponible
276,276,401460.68,307220.23,12/28/2018 0:00:00,182986.97,538103.94,6/6/2019 0:00:00,591548.97,653875.79,8/19/2019 0:00:00,Disponible
277,277,618606.08,384742.13,2/8/2019 0:00:00,128236.12,436809.24,1/5/2019 0:00:00,811485.06,75570.56,5/31/2019 0:00:00,Disponible
278,278,674748.42,113259.28,5/26/2019 0:00:00,975847.97,742821.04,10/31/2018 0:00:00,565823.2,937586.75,9/17/2019 0:00:00,Disponible
279,279,736275.79,572243.74,6/24/2019 0:00:00,144961.04,802111.57,9/30/2019 0:00:00,858514.2,704455.53,6/10/2019 0:00:00,Disponible
280,280,114467.56,220142.15,9/7/2019 0:00:00,932146.9,631592.31,11/8/2018 0:00:00,252612.36,115421.58,3/21/2019 0:00:00,Disponible
281,281,412720.94,849975.89,1/28/2019 0:00:00,50763.74,478514.07,2/22/2019 0:00:00,865607.45,275968.41,4/11/2019 0:00:00,Disponible
282,282,565089.97,968451.3,5/7/2019 0:00:00,992162.01,185547.83,5/28/2019 0:00:00,188779.46,297297.44,12/2/2018 0:00:00,Disponible
283,283,261965.49,629306.43,2/7/2019 0:00:00,989148.84,636351.81,7/10/2019 0:00:00,143810.43,124295.9,8/31/2019 0:00:00,Disponible
284,284,841927.42,827027.62,6/15/2019 0:00:00,516382.07,368431.93,3/25/2019 0:00:00,55320.31,209264.26,8/26/2019 0:00:00,Disponible
285,285,791573.74,857820.82,3/18/2019 0:00:00,78318.93,943576.67,12/30/2018 0:00:00,370957.64,50687.82,6/30/2019 0:00:00,Disponible
286,286,606460.68,251186.18,11/12/2018 0:00:00,920441.6,928436.66,11/9/2018 0:00:00,717696.81,473011.01,7/19/2019 0:00:00,Disponible
287,287,102195.44,887791.83,11/24/2018 0:00:00,327420.4,409910.7,7/24/2019 0:00:00,440221.02,532690.83,1/8/2019 0:00:00,Disponible
288,288,436222.03,450765.56,10/12/2019 0:00:00,79716.43,812679.25,7/4/2019 0:00:00,167614.87,479452.93,4/16/2019 0:00:00,Disponible
289,289,411467.98,493070.33,7/11/2019 0:00:00,186922.22,906100.5,8/20/2019 0:00:00,892671.15,360265.63,6/18/2019 0:00:00,Disponible
290,290,174205,249270.07,10/16/2019 0:00:00,957159.1,160444.56,9/2/2019 0:00:00,634611.26,824950.19,5/28/2019 0:00:00,Disponible
291,291,309620.57,634038.5,9/12/2019 0:00:00,911912.08,75555.05,8/29/2019 0:00:00,499267.88,389319.39,6/18/2019 0:00:00,Disponible
292,292,397872.99,518886.58,2/12/2019 0:00:00,137748.95,414245.58,4/16/2019 0:00:00,463322.35,320643.92,4/19/2019 0:00:00,Disponible
293,293,768782.23,856951.33,11/24/2018 0:00:00,361412.63,164101.31,2/24/2019 0:00:00,564451.26,852561.12,5/28/2019 0:00:00,Disponible
294,294,249200.44,862135.06,11/4/2018 0:00:00,414785.32,304468.26,11/23/2018 0:00:00,457340.29,438113.25,1/29/2019 0:00:00,Disponible
295,295,322036.16,839500.81,12/19/2018 0:00:00,234023.16,482537.58,3/19/2019 0:00:00,923751.56,615587.62,9/21/2019 0:00:00,Disponible
296,296,191430.93,476571.98,6/20/2019 0:00:00,179946.44,901177.61,7/21/2019 0:00:00,553724.3,412241.87,4/10/2019 0:00:00,Disponible
297,297,243009.81,266913.19,4/15/2019 0:00:00,951808.94,789632.76,12/25/2018 0:00:00,801794.6,844292.58,1/20/2019 0:00:00,Disponible
298,298,454952.06,681696.61,9/21/2019 0:00:00,763241.76,821388.83,7/22/2019 0:00:00,462457.97,685670.51,9/8/2019 0:00:00,Disponible
299,299,148402.55,713318.26,6/22/2019 0:00:00,200447.49,633905.17,11/3/2018 0:00:00,963255.64,925938.73,10/26/2018 0:00:00,Disponible
300,300,438365.62,338650.89,1/9/2019 0:00:00,193232.05,617493.41,7/14/2019 0:00:00,100257.48,859602.74,3/28/2019 0:00:00,Disponible
301,301,341405.5,533007.1,1/20/2019 0:00:00,991116.73,810064.63,4/7/2019 0:00:00,145804.93,592656.14,11/2/2018 0:00:00,Disponible
302,302,235048.24,53755.94,9/28/2019 0:00:00,530547.55,399090,6/7/2019 0:00:00,789304.32,886798.95,10/21/2018 0:00:00,Disponible
303,303,184362.8,449687.24,4/15/2019 0:00:00,420527.98,970377.26,2/10/2019 0:00:00,598013.88,404033.27,5/29/2019 0:00:00,Disponible
304,304,899845.31,885446.35,9/25/2019 0:00:00,970146.29,373554.24,11/29/2018 0:00:00,723813.82,448555.45,4/2/2019 0:00:00,Disponible
305,305,902265.21,585302.53,8/3/2019 0:00:00,620958.91,372155.47,9/1/2019 0:00:00,342587.9,513304.31,11/8/2018 0:00:00,Disponible
306,306,344822.07,712371.02,3/12/2019 0:00:00,162329.59,702795.95,9/30/2019 0:00:00,416542.8,379131.11,4/21/2019 0:00:00,Disponible
307,307,147750.75,766237.2,10/3/2019 0:00:00,934037.66,516152.68,7/15/2019 0:00:00,936507.4,299701.55,1/27/2019 0:00:00,Disponible
308,308,188572.62,741221.03,11/21/2018 0:00:00,580149.42,408881.18,3/28/2019 0:00:00,756808.44,607426.47,2/26/2019 0:00:00,Disponible
309,309,642693.35,989793.76,2/9/2019 0:00:00,379369.94,898438.08,2/19/2019 0:00:00,796203.04,685644.73,7/25/2019 0:00:00,Disponible
310,310,157122.14,987050.84,2/22/2019 0:00:00,357425.15,231894.3,5/2/2019 0:00:00,989228.33,961918.92,5/2/2019 0:00:00,Disponible
311,311,319679.53,821209.1,6/15/2019 0:00:00,634220.69,942780.64,10/6/2019 0:00:00,830654.23,793886.51,9/14/2019 0:00:00,Disponible
312,312,104644.03,357811.95,1/6/2019 0:00:00,584245.47,38638.83,3/21/2019 0:00:00,840389.18,781728.29,1/22/2019 0:00:00,Disponible
313,313,722034.66,716159.39,10/20/2018 0:00:00,272491.37,507422.09,9/15/2019 0:00:00,958761.85,716885.67,4/11/2019 0:00:00,Disponible
314,314,940633.29,551813.82,9/14/2019 0:00:00,850531.7,892638.97,4/17/2019 0:00:00,675741.86,234233.04,10/31/2018 0:00:00,Disponible
315,315,307531.33,333047.48,11/27/2018 0:00:00,632719.82,886640.16,7/15/2019 0:00:00,80050.91,721383.82,7/16/2019 0:00:00,Disponible
316,316,878586.7,234498.79,11/6/2018 0:00:00,964409.13,682074.66,12/6/2018 0:00:00,402814.71,786617.18,12/8/2018 0:00:00,Disponible
317,317,575923.46,881102.56,3/6/2019 0:00:00,228271.55,929507.36,11/4/2018 0:00:00,127126.87,624794.58,2/12/2019 0:00:00,Disponible
318,318,611161.42,29697.41,5/3/2019 0:00:00,733721.37,922720.23,5/26/2019 0:00:00,162115.55,287994.72,3/10/2019 0:00:00,Disponible
319,319,613321.42,743889.56,3/8/2019 0:00:00,919145,603195.98,8/27/2019 0:00:00,740310.98,516354.83,8/14/2019 0:00:00,Disponible
320,320,618390.37,382231.6,7/25/2019 0:00:00,163841.81,606221.17,4/2/2019 0:00:00,269584,268607.01,2/5/2019 0:00:00,Disponible
321,321,894674.44,198766.88,7/1/2019 0:00:00,420593.79,296666.62,5/20/2019 0:00:00,808073.69,107675.61,7/7/2019 0:00:00,Disponible
322,322,647097.07,320104.41,7/26/2019 0:00:00,946346.41,990598.64,6/22/2019 0:00:00,272769.38,614309.97,2/25/2019 0:00:00,Disponible
323,323,709307.6,298700.08,7/13/2019 0:00:00,831043.15,425280.28,7/10/2019 0:00:00,702050.09,670835.48,4/16/2019 0:00:00,Disponible
324,324,228464.64,775977.15,12/29/2018 0:00:00,316113.49,321301.87,8/29/2019 0:00:00,664366.36,616949.73,8/22/2019 0:00:00,Disponible
325,325,319966.55,198734.96,8/4/2019 0:00:00,434745.65,346008.44,1/19/2019 0:00:00,140938.94,863495.44,7/1/2019 0:00:00,Disponible
326,326,928416.41,821312.12,8/28/2019 0:00:00,812778.94,507558.02,7/24/2019 0:00:00,858739.96,692875.61,2/27/2019 0:00:00,Disponible
327,327,359057.99,428026.31,3/12/2019 0:00:00,133882.96,660785.22,7/19/2019 0:00:00,782466.31,859823.8,5/21/2019 0:00:00,Disponible
328,328,592838.78,474159.68,5/2/2019 0:00:00,55686.07,278493.43,10/22/2018 0:00:00,426688.34,887403.59,12/28/2018 0:00:00,Disponible
329,329,256297.93,395240.84,8/19/2019 0:00:00,289567.76,225472.26,9/13/2019 0:00:00,449411.89,585952.6,12/5/2018 0:00:00,Disponible
330,330,174453.37,863519.67,1/27/2019 0:00:00,318537.82,474481.54,7/21/2019 0:00:00,128689.21,143193.57,6/27/2019 0:00:00,Disponible
331,331,579183.05,152832.36,3/3/2019 0:00:00,438844.12,263946.93,8/7/2019 0:00:00,776157.72,744543.87,7/8/2019 0:00:00,Disponible
332,332,521399.94,935042.64,4/19/2019 0:00:00,672821.17,246536.57,7/8/2019 0:00:00,761382.43,856369.15,4/9/2019 0:00:00,Disponible
333,333,722513.34,118311.04,12/28/2018 0:00:00,749604.68,89371.88,5/26/2019 0:00:00,980563.05,272206.08,9/18/2019 0:00:00,Disponible
334,334,810807.71,910614.21,9/29/2019 0:00:00,938475.01,412701.95,9/13/2019 0:00:00,400008.45,244789.79,6/26/2019 0:00:00,Disponible
335,335,366964.43,847740.86,12/3/2018 0:00:00,660986.98,256215.97,1/26/2019 0:00:00,95811.63,298272.78,10/21/2018 0:00:00,Disponible
336,336,880204.9,125562.21,6/11/2019 0:00:00,687956.65,513115.32,6/5/2019 0:00:00,235796.01,117212.09,2/22/2019 0:00:00,Disponible
337,337,341627.79,520217.48,12/20/2018 0:00:00,232583.78,457643.11,6/27/2019 0:00:00,886755.69,758968.95,7/27/2019 0:00:00,Disponible
338,338,624991.97,156614.21,5/30/2019 0:00:00,323601.64,727436.59,12/9/2018 0:00:00,371417.86,742601.88,7/10/2019 0:00:00,Disponible
339,339,229120.56,838201.68,2/16/2019 0:00:00,936531.82,929240.83,4/8/2019 0:00:00,848850.05,777421.13,11/21/2018 0:00:00,Disponible
340,340,26128.02,582387.59,5/23/2019 0:00:00,838081.14,886978.95,1/25/2019 0:00:00,851184.45,548658.45,5/6/2019 0:00:00,Disponible
341,341,75028.97,228805.45,3/9/2019 0:00:00,377287.03,707060.55,6/20/2019 0:00:00,96513.09,970826.34,2/12/2019 0:00:00,Disponible
342,342,376847.37,338795.6,7/1/2019 0:00:00,321087.01,273553.13,6/11/2019 0:00:00,82600.88,908473.92,2/16/2019 0:00:00,Disponible
343,343,678191.51,449479.31,6/30/2019 0:00:00,36376.49,338493.08,9/2/2019 0:00:00,784459.3,858129.41,8/21/2019 0:00:00,Disponible
344,344,580682.11,853602.48,6/20/2019 0:00:00,330296.65,625518.61,1/10/2019 0:00:00,486308.96,414908.47,2/3/2019 0:00:00,Disponible
345,345,690993.26,452740.29,10/8/2019 0:00:00,210764.45,158655.62,6/14/2019 0:00:00,263610.87,390103.21,11/24/2018 0:00:00,Disponible
346,346,398771.46,344903.67,10/6/2019 0:00:00,750449.51,913198.49,10/26/2018 0:00:00,367200.96,305691.85,10/25/2018 0:00:00,Disponible
347,347,536720.19,640758.35,12/13/2018 0:00:00,325906.62,477702.48,11/4/2018 0:00:00,454574.48,394196.27,11/25/2018 0:00:00,Disponible
348,348,145176.26,105873.85,9/28/2019 0:00:00,723082.86,730084.32,4/29/2019 0:00:00,365420.66,751745.21,6/15/2019 0:00:00,Disponible
349,349,845081.64,545068.03,10/24/2018 0:00:00,330029.51,573762.54,5/27/2019 0:00:00,997004.62,925951.26,10/25/2018 0:00:00,Disponible
350,350,337059.07,922513.95,7/5/2019 0:00:00,86678.87,672854.42,3/29/2019 0:00:00,192156.37,584253.56,3/20/2019 0:00:00,Disponible
351,351,325561.03,480146.41,6/21/2019 0:00:00,171015.07,689678.63,7/26/2019 0:00:00,830678.39,958930.41,2/25/2019 0:00:00,Disponible
352,352,774257.3,381248.72,5/11/2019 0:00:00,351743,861649.82,5/27/2019 0:00:00,702267.65,863577.12,5/17/2019 0:00:00,Disponible
353,353,428707.36,543353.38,10/16/2019 0:00:00,197695.92,103904.37,2/6/2019 0:00:00,838880.39,374914.68,9/16/2019 0:00:00,Disponible
354,354,999586.29,353115.68,7/30/2019 0:00:00,860604.22,296022.07,9/26/2019 0:00:00,81683.88,937760.43,3/27/2019 0:00:00,Disponible
355,355,445264.77,339684.04,2/16/2019 0:00:00,731884.65,211533.46,12/23/2018 0:00:00,650555.65,36892.99,2/16/2019 0:00:00,Disponible
356,356,219464.61,581331.99,8/8/2019 0:00:00,91015.8,170812.05,7/13/2019 0:00:00,249178.27,742713.73,1/17/2019 0:00:00,Disponible
357,357,936683.16,328178.47,11/21/2018 0:00:00,677015.73,307047.14,7/29/2019 0:00:00,46004.24,364951.01,10/9/2019 0:00:00,Disponible
358,358,241415.02,987877.35,8/6/2019 0:00:00,838988.23,176336.1,1/17/2019 0:00:00,262917.99,235899.99,1/17/2019 0:00:00,Disponible
359,359,75728.99,277481.06,12/28/2018 0:00:00,50097.82,593920.59,12/24/2018 0:00:00,790266.91,924528.97,9/5/2019 0:00:00,Disponible
360,360,276359.55,213844.71,6/12/2019 0:00:00,278442.03,242206.14,2/23/2019 0:00:00,778155.57,831069.21,5/22/2019 0:00:00,Disponible
361,361,950838.96,998453.46,2/13/2019 0:00:00,654936.93,732047.01,7/9/2019 0:00:00,604013.07,590482.9,7/16/2019 0:00:00,Disponible
362,362,516377.04,509661.26,1/28/2019 0:00:00,788767.54,325771.2,10/30/2018 0:00:00,118867.44,673663.07,4/30/2019 0:00:00,Disponible
363,363,296503.14,35498.51,4/24/2019 0:00:00,343354.52,145565.11,3/18/2019 0:00:00,717514.88,223607.99,5/11/2019 0:00:00,Disponible
364,364,377209.32,740288.57,3/11/2019 0:00:00,305812.67,128255.82,12/28/2018 0:00:00,386862.95,102421.15,8/30/2019 0:00:00,Disponible
365,365,931485.41,884451.04,9/29/2019 0:00:00,172364.24,131133.21,4/29/2019 0:00:00,138207.14,639028.12,7/29/2019 0:00:00,Disponible
366,366,345514.34,336115.5,8/30/2019 0:00:00,323413.64,210995.62,12/18/2018 0:00:00,600440.95,173291.4,7/18/2019 0:00:00,Disponible
367,367,327725.55,860573.13,9/25/2019 0:00:00,318843.73,619820.01,7/29/2019 0:00:00,550493.27,493667.19,8/29/2019 0:00:00,Disponible
368,368,846826.87,986479.39,7/16/2019 0:00:00,789430.67,496429.11,7/13/2019 0:00:00,717933.22,52097.13,8/18/2019 0:00:00,Disponible
369,369,936348.59,580796.72,1/25/2019 0:00:00,637710.14,432843.41,5/3/2019 0:00:00,111281.89,41328.21,6/28/2019 0:00:00,Disponible
370,370,793912.2,844190.76,8/31/2019 0:00:00,366820.45,537883.23,8/10/2019 0:00:00,585191.9,622679.22,2/12/2019 0:00:00,Disponible
371,371,315428.43,390258.49,8/2/2019 0:00:00,660442.35,538027.43,2/19/2019 0:00:00,417053.94,701210.77,4/20/2019 0:00:00,Disponible
372,372,871165.67,422474.73,2/28/2019 0:00:00,717876.58,565080.2,6/10/2019 0:00:00,239920.54,669914.7,6/14/2019 0:00:00,Disponible
373,373,198136.99,185762.96,8/21/2019 0:00:00,243314.18,619066.12,11/1/2018 0:00:00,410422.64,199347.21,2/10/2019 0:00:00,Disponible
374,374,188091.13,772600.83,3/18/2019 0:00:00,835753.59,71217,1/26/2019 0:00:00,976802.73,206605.61,3/3/2019 0:00:00,Disponible
375,375,394919.83,52118.07,6/2/2019 0:00:00,958379.38,385434.39,10/7/2019 0:00:00,811519.52,392952.51,10/18/2019 0:00:00,Disponible
376,376,874313.11,310254.18,5/12/2019 0:00:00,537179.05,706939.05,10/15/2019 0:00:00,891278.27,108633.14,9/28/2019 0:00:00,Disponible
377,377,879045.05,886265.84,5/21/2019 0:00:00,371192.88,718654.85,7/1/2019 0:00:00,422690.99,760379.92,8/3/2019 0:00:00,Disponible
378,378,829605.63,867392.44,5/12/2019 0:00:00,747918.65,374181.71,8/11/2019 0:00:00,730142.89,811799.21,11/12/2018 0:00:00,Disponible
379,379,753382.36,201770.6,7/27/2019 0:00:00,371783.67,157638.71,8/3/2019 0:00:00,298166.31,970742,12/10/2018 0:00:00,Disponible
380,380,153287.12,439595.38,3/24/2019 0:00:00,876942.11,205731.64,7/15/2019 0:00:00,893761.88,320077.57,9/5/2019 0:00:00,Disponible
381,381,157971.56,731506.36,5/18/2019 0:00:00,146072.66,752597.39,9/22/2019 0:00:00,505793.51,923255.7,4/10/2019 0:00:00,Disponible
382,382,974137.99,757705.42,2/3/2019 0:00:00,681952.43,448274.62,11/12/2018 0:00:00,594643.2,35018.34,10/28/2018 0:00:00,Disponible
383,383,375718.81,876326.21,9/14/2019 0:00:00,312057.78,457805,4/23/2019 0:00:00,489026.01,375796.48,1/11/2019 0:00:00,Disponible
384,384,87795.46,451978.69,7/22/2019 0:00:00,654528.18,320390.39,3/15/2019 0:00:00,592790,444140.09,9/2/2019 0:00:00,Disponible
385,385,688806.68,450424.79,7/8/2019 0:00:00,751255.9,277430.85,4/14/2019 0:00:00,262450.78,430697.41,11/18/2018 0:00:00,Disponible
386,386,144039.1,623093.2,2/27/2019 0:00:00,960384.12,349187.85,4/10/2019 0:00:00,594774.96,378551.64,6/19/2019 0:00:00,Disponible
387,387,206953.8,441555.49,11/25/2018 0:00:00,486996.5,554015.53,12/13/2018 0:00:00,184292.48,991360.5,12/31/2018 0:00:00,Disponible
388,388,725641.1,389310.74,7/25/2019 0:00:00,558729.39,794352.63,7/21/2019 0:00:00,759546.37,101392.38,1/6/2019 0:00:00,Disponible
389,389,74573.06,166494.67,7/3/2019 0:00:00,149376,326702.99,12/17/2018 0:00:00,817612.32,640189.07,7/3/2019 0:00:00,Disponible
390,390,38760.81,338053.76,5/15/2019 0:00:00,387539.92,488369.15,3/19/2019 0:00:00,492496.18,474721.6,5/23/2019 0:00:00,Disponible
391,391,780980.11,492869.35,8/16/2019 0:00:00,661191.39,818117.29,10/23/2018 0:00:00,615468.03,185665.33,5/11/2019 0:00:00,Disponible
392,392,822370.68,942683.01,5/25/2019 0:00:00,473489.09,630800.43,1/24/2019 0:00:00,25896.79,931504.74,11/7/2018 0:00:00,Disponible
393,393,597148.67,726851.83,12/3/2018 0:00:00,363780.23,977292.74,2/16/2019 0:00:00,368184.22,658151.55,5/21/2019 0:00:00,Disponible
394,394,385508.93,113686.78,10/1/2019 0:00:00,233272.67,270655.51,12/13/2018 0:00:00,143189.84,136247.02,5/7/2019 0:00:00,Disponible
395,395,404566.97,279831.53,10/7/2019 0:00:00,943484.34,44330.52,3/21/2019 0:00:00,117162.23,140250.7,2/16/2019 0:00:00,Disponible
396,396,229595.5,860626.56,7/18/2019 0:00:00,152932.76,687220.02,12/19/2018 0:00:00,685699.01,285305.62,10/14/2019 0:00:00,Disponible
397,397,257931.97,732874.06,10/22/2018 0:00:00,628913.47,537542.24,11/25/2018 0:00:00,645937.77,964005.61,7/17/2019 0:00:00,Disponible
398,398,972685.07,65925.29,7/12/2019 0:00:00,223220.16,737144.45,6/14/2019 0:00:00,733633.61,51316.65,11/26/2018 0:00:00,Disponible
399,399,582265.48,151622.87,7/4/2019 0:00:00,375193.55,610679.71,1/31/2019 0:00:00,708624.38,970268.13,5/16/2019 0:00:00,Disponible
400,400,877309.76,320875.17,7/12/2019 0:00:00,989841.83,791679.19,3/18/2019 0:00:00,395508.33,285586.09,11/3/2018 0:00:00,Disponible
401,401,809382.59,685816.39,6/2/2019 0:00:00,483641.18,972525.02,10/15/2019 0:00:00,677394.32,97998.02,5/12/2019 0:00:00,Disponible
402,402,500071.58,679582.17,6/1/2019 0:00:00,940237.91,77813.42,6/18/2019 0:00:00,251137.08,537872.73,1/11/2019 0:00:00,Disponible
403,403,791105.3,878514.22,3/7/2019 0:00:00,702081.42,235378.9,2/1/2019 0:00:00,443956.02,740276.94,2/26/2019 0:00:00,Disponible
404,404,563553.11,876252.18,4/27/2019 0:00:00,411663.81,414225.38,7/18/2019 0:00:00,201896.04,574292.48,5/10/2019 0:00:00,Disponible
405,405,608520.79,38854.28,2/26/2019 0:00:00,182226.58,92856.11,8/15/2019 0:00:00,272062.57,805233.19,1/21/2019 0:00:00,Disponible
406,406,677919.38,900950.45,10/11/2019 0:00:00,715547.53,61981.7,8/8/2019 0:00:00,389262.41,549043.34,11/6/2018 0:00:00,Disponible
407,407,537588.33,938072.53,5/3/2019 0:00:00,638379.67,194999.49,10/7/2019 0:00:00,300200.68,45466.85,10/16/2019 0:00:00,Disponible
408,408,884043.22,886137.94,3/9/2019 0:00:00,248299.41,508136,4/17/2019 0:00:00,413127.99,801840.99,6/12/2019 0:00:00,Disponible
409,409,586933.42,289204.36,6/10/2019 0:00:00,692863.13,431815.06,3/16/2019 0:00:00,670540.66,405721.71,10/18/2019 0:00:00,Disponible
410,410,706827.23,919173.38,7/2/2019 0:00:00,932612.17,391507.77,7/8/2019 0:00:00,268599.13,293228.68,2/21/2019 0:00:00,Disponible
411,411,742773.2,409183.53,10/7/2019 0:00:00,425925.18,665459.97,12/13/2018 0:00:00,132834.66,998269.47,10/19/2018 0:00:00,Disponible
412,412,174666.33,799453.2,10/24/2018 0:00:00,950635.63,971010.89,2/28/2019 0:00:00,334008.86,20578.58,7/8/2019 0:00:00,Disponible
413,413,563233.07,503752.95,2/8/2019 0:00:00,881631.78,735732.66,4/21/2019 0:00:00,700820.73,355979.28,8/22/2019 0:00:00,Disponible
414,414,382626.83,890717.97,9/6/2019 0:00:00,231967.83,634552.6,7/4/2019 0:00:00,580450.03,262401.88,8/27/2019 0:00:00,Disponible
415,415,595657.94,206203.84,5/9/2019 0:00:00,158678.45,861269.09,9/4/2019 0:00:00,97306.92,566495.65,2/16/2019 0:00:00,Disponible
416,416,471452.03,950515.3,1/8/2019 0:00:00,167574.31,970196.21,3/7/2019 0:00:00,582644.13,172016.76,4/4/2019 0:00:00,Disponible
417,417,272641.13,361732.74,12/16/2018 0:00:00,270440.26,634324.43,5/16/2019 0:00:00,58610.62,703818.54,3/16/2019 0:00:00,Disponible
418,418,847999.7,21885.18,7/13/2019 0:00:00,238813.28,931621.03,12/2/2018 0:00:00,343760,941572.3,9/17/2019 0:00:00,Disponible
419,419,336030.07,950072.02,6/25/2019 0:00:00,27905.86,821236.63,3/4/2019 0:00:00,463215.77,359614.38,8/10/2019 0:00:00,Disponible
420,420,100080.96,704141.42,6/9/2019 0:00:00,761694.76,94724.06,11/28/2018 0:00:00,39233.56,583850.16,10/7/2019 0:00:00,Disponible
421,421,701313.08,503922.22,10/25/2018 0:00:00,660527.83,301724.63,9/16/2019 0:00:00,123690.78,800837.17,6/27/2019 0:00:00,Disponible
422,422,826760.07,847777.55,9/17/2019 0:00:00,830375.57,536758.43,8/20/2019 0:00:00,535741.13,285256.52,7/31/2019 0:00:00,Disponible
423,423,673286.31,994938.54,11/5/2018 0:00:00,524460.22,241485,4/22/2019 0:00:00,313111.83,519576.91,12/19/2018 0:00:00,Disponible
424,424,882853.76,761906.95,5/28/2019 0:00:00,364366.01,811242.71,11/30/2018 0:00:00,256927.7,215556.65,9/1/2019 0:00:00,Disponible
425,425,631546.59,457149.12,9/29/2019 0:00:00,858209.8,626944.18,5/30/2019 0:00:00,581424.23,869774.42,12/16/2018 0:00:00,Disponible
426,426,424677.4,993137.19,5/26/2019 0:00:00,573253.21,122841.97,2/26/2019 0:00:00,917448.98,433665.08,11/24/2018 0:00:00,Disponible
427,427,845617.27,738349.65,11/11/2018 0:00:00,218215.03,956684.29,2/12/2019 0:00:00,72057.24,775227.04,11/13/2018 0:00:00,Disponible
428,428,451682.1,392858.42,8/4/2019 0:00:00,358398.43,832382.64,9/26/2019 0:00:00,334252.55,583422.66,12/22/2018 0:00:00,Disponible
429,429,534423.49,732413.76,7/10/2019 0:00:00,90101.49,770780.11,11/10/2018 0:00:00,832031.79,959546.18,12/25/2018 0:00:00,Disponible
430,430,940890.49,911756,1/21/2019 0:00:00,241911.36,327616.9,12/8/2018 0:00:00,935617.31,124131.99,1/20/2019 0:00:00,Disponible
431,431,476141.96,99860.17,10/2/2019 0:00:00,711810.51,730806.69,2/2/2019 0:00:00,253967.59,930545.8,3/11/2019 0:00:00,Disponible
432,432,239025.68,568407.55,4/5/2019 0:00:00,727549.48,717504.04,4/28/2019 0:00:00,27608.35,531491.92,4/28/2019 0:00:00,Disponible
433,433,698369.58,507293.18,12/3/2018 0:00:00,651271.56,170030.73,1/1/2019 0:00:00,890848.19,307885.34,1/8/2019 0:00:00,Disponible
434,434,408308.58,301440.55,11/6/2018 0:00:00,831160.86,616721.23,7/19/2019 0:00:00,312868.07,175374.31,2/10/2019 0:00:00,Disponible
435,435,994653.3,335659.52,12/15/2018 0:00:00,303226.95,282046.05,7/21/2019 0:00:00,908370.9,916210.65,12/21/2018 0:00:00,Disponible
436,436,851545.97,621392.54,12/30/2018 0:00:00,766328.79,859260.34,3/6/2019 0:00:00,148286.07,816035.75,11/25/2018 0:00:00,Disponible
437,437,820299.83,705941.7,11/19/2018 0:00:00,106967.28,944260.02,9/17/2019 0:00:00,610978.75,407632.52,11/1/2018 0:00:00,Disponible
438,438,457221.77,493121.46,6/2/2019 0:00:00,391558.27,370190.94,5/21/2019 0:00:00,54914.48,847772.61,4/27/2019 0:00:00,Disponible
439,439,34363.41,181886.91,12/27/2018 0:00:00,408124.2,182032.07,4/22/2019 0:00:00,692554.72,697102.88,3/1/2019 0:00:00,Disponible
440,440,60784.72,274661.4,9/19/2019 0:00:00,308624.02,450910.71,11/21/2018 0:00:00,870014.8,211820.58,1/16/2019 0:00:00,Disponible
441,441,137932.6,175238.82,1/16/2019 0:00:00,299865.45,816544.08,4/9/2019 0:00:00,635473.74,834544.82,11/29/2018 0:00:00,Disponible
442,442,149042.31,835273.93,4/16/2019 0:00:00,448711.05,389322.97,6/27/2019 0:00:00,352106.7,177438.01,7/22/2019 0:00:00,Disponible
443,443,405200.68,866505.2,9/4/2019 0:00:00,556192.73,566912.84,10/20/2018 0:00:00,515644.91,698280.56,5/3/2019 0:00:00,Disponible
444,444,174262.8,539790.93,10/7/2019 0:00:00,491345.53,562000.44,2/25/2019 0:00:00,916971.39,936820.6,9/5/2019 0:00:00,Disponible
445,445,93809.01,275903.02,5/2/2019 0:00:00,189738.03,632610.11,9/15/2019 0:00:00,410203.79,598868.03,12/27/2018 0:00:00,Disponible
446,446,988982.47,520175.73,9/14/2019 0:00:00,664484.38,190117.95,8/23/2019 0:00:00,807511.78,775493.28,12/24/2018 0:00:00,Disponible
447,447,795086.89,518990.31,11/6/2018 0:00:00,927325.78,649108.41,5/8/2019 0:00:00,513639.93,165388.88,6/18/2019 0:00:00,Disponible
448,448,927704.59,160356.57,2/26/2019 0:00:00,85375,672169.46,8/10/2019 0:00:00,805392.41,872392.43,5/5/2019 0:00:00,Disponible
449,449,488639.47,649266.78,10/21/2018 0:00:00,559210.85,658316.14,9/29/2019 0:00:00,61083.94,192287.37,3/6/2019 0:00:00,Disponible
450,450,828866.04,625206.16,10/27/2018 0:00:00,263027.02,154208.65,9/3/2019 0:00:00,315350.31,590410.83,1/30/2019 0:00:00,Disponible
451,451,420724.46,328122.08,8/20/2019 0:00:00,35453.91,701324.42,9/3/2019 0:00:00,815517.54,813030.44,4/4/2019 0:00:00,Disponible
452,452,186814.38,384230.6,5/3/2019 0:00:00,979302.55,734864.12,1/28/2019 0:00:00,35711.11,561874.93,10/22/2018 0:00:00,Disponible
453,453,363061.96,849680.5,6/19/2019 0:00:00,396216.75,536821.29,11/22/2018 0:00:00,175795.12,633273.83,1/8/2019 0:00:00,Disponible
454,454,480366.71,38520.23,8/18/2019 0:00:00,579202.99,702014.33,8/2/2019 0:00:00,486640.09,225267.63,10/27/2018 0:00:00,Disponible
455,455,599124.52,929624.01,12/17/2018 0:00:00,482576.51,210237.1,9/28/2019 0:00:00,929939.74,712155.51,3/27/2019 0:00:00,Disponible
456,456,417028.26,680984.27,7/5/2019 0:00:00,552858.41,351010.7,6/27/2019 0:00:00,730383.01,648252.18,1/8/2019 0:00:00,Disponible
457,457,689183.86,324939.6,8/2/2019 0:00:00,465792.26,380583.13,7/10/2019 0:00:00,968564.85,407028.48,8/4/2019 0:00:00,Disponible
458,458,322459.65,536528.46,9/13/2019 0:00:00,252896.27,335774.91,8/29/2019 0:00:00,534738.53,773136.41,5/21/2019 0:00:00,Disponible
459,459,503395.06,841340.08,11/12/2018 0:00:00,964763.82,485579.67,12/4/2018 0:00:00,654483.8,521666.77,11/5/2018 0:00:00,Disponible
460,460,322018.27,683332.1,8/12/2019 0:00:00,269413.99,739104.1,2/22/2019 0:00:00,68187.17,703503.09,3/26/2019 0:00:00,Disponible
461,461,815402.64,578615.77,2/8/2019 0:00:00,635923.29,656928.23,4/19/2019 0:00:00,923581.56,575648.13,9/28/2019 0:00:00,Disponible
462,462,639803.85,728929.19,8/17/2019 0:00:00,896790.91,749738.94,1/19/2019 0:00:00,923083.55,373318.31,11/13/2018 0:00:00,Disponible
463,463,764293.45,739183.44,11/24/2018 0:00:00,470742.44,850912.87,4/25/2019 0:00:00,765994.98,844493.74,8/17/2019 0:00:00,Disponible
464,464,43456.75,524782.82,1/13/2019 0:00:00,961391.1,337673.89,2/2/2019 0:00:00,752347.55,521591.01,6/22/2019 0:00:00,Disponible
465,465,119272.18,124836.32,10/26/2018 0:00:00,935621.38,167277.73,9/22/2019 0:00:00,333190.29,53873.44,2/5/2019 0:00:00,Disponible
466,466,72234.81,455106.54,1/5/2019 0:00:00,447309.34,953999.73,8/26/2019 0:00:00,518760.58,635424.02,11/16/2018 0:00:00,Disponible
467,467,941913.34,930182.64,8/2/2019 0:00:00,261778.91,28716.13,5/14/2019 0:00:00,824954.66,371130.87,8/3/2019 0:00:00,Disponible
468,468,373530.11,754870.72,8/11/2019 0:00:00,676728.61,660045.44,4/21/2019 0:00:00,545758.45,109180.94,12/21/2018 0:00:00,Disponible
469,469,995415.83,344182.99,3/12/2019 0:00:00,634539.14,300753.47,2/23/2019 0:00:00,944872.02,150333.54,11/9/2018 0:00:00,Disponible
470,470,943723.06,260974.55,2/1/2019 0:00:00,652721.66,682225.13,9/11/2019 0:00:00,133426.52,850163.01,7/7/2019 0:00:00,Disponible
471,471,696623.78,449298.61,7/10/2019 0:00:00,204877.63,721390.34,12/11/2018 0:00:00,323261.75,228850.79,9/24/2019 0:00:00,Disponible
472,472,854837.78,509045.45,12/30/2018 0:00:00,969799.85,234344.18,4/19/2019 0:00:00,144083.95,634337.92,9/10/2019 0:00:00,Disponible
473,473,310578.12,947535.18,5/16/2019 0:00:00,63339.47,616321.04,6/3/2019 0:00:00,898140.81,748797.02,5/16/2019 0:00:00,Disponible
474,474,821251.56,574850.85,8/7/2019 0:00:00,878354.79,308763.68,2/7/2019 0:00:00,203470.06,80690.24,8/23/2019 0:00:00,Disponible
475,475,284338.75,102074.6,11/10/2018 0:00:00,640215.33,713042.54,1/27/2019 0:00:00,978446.13,652017.07,10/19/2018 0:00:00,Disponible
476,476,458521.03,502830.39,4/15/2019 0:00:00,432156.1,770070.18,7/16/2019 0:00:00,23100.93,791210.66,8/17/2019 0:00:00,Disponible
477,477,789909.23,752868.18,9/23/2019 0:00:00,765495.39,551630.74,2/10/2019 0:00:00,82514.51,716423.78,6/9/2019 0:00:00,Disponible
478,478,320216.13,702781.58,10/17/2019 0:00:00,354441.23,622278.15,5/24/2019 0:00:00,479284.77,741004.2,2/7/2019 0:00:00,Disponible
479,479,736359.23,604072.33,7/24/2019 0:00:00,839892.41,307894.19,6/11/2019 0:00:00,106242.21,464091.7,4/15/2019 0:00:00,Disponible
480,480,821062.08,767456.1,7/19/2019 0:00:00,286871.47,997596.13,11/13/2018 0:00:00,976662.81,35469.03,5/14/2019 0:00:00,Disponible
481,481,352884.82,655585.44,5/12/2019 0:00:00,565316.81,765223.32,3/21/2019 0:00:00,630474.55,392710.19,6/1/2019 0:00:00,Disponible
482,482,660638.71,924269.26,6/30/2019 0:00:00,153476.21,818383.57,1/20/2019 0:00:00,670352.12,416448.2,9/11/2019 0:00:00,Disponible
483,483,708326.39,618957.03,2/20/2019 0:00:00,878407.37,152053.43,4/17/2019 0:00:00,378638.13,212491.05,6/22/2019 0:00:00,Disponible
484,484,790907.78,639338.36,9/8/2019 0:00:00,619205.13,640886.5,2/18/2019 0:00:00,150891.39,883008.09,3/2/2019 0:00:00,Disponible
485,485,375964.18,240022.23,11/27/2018 0:00:00,779022.44,81821.23,5/6/2019 0:00:00,667059.14,257839.46,1/19/2019 0:00:00,Disponible
486,486,738151.16,172757.51,9/30/2019 0:00:00,492380.77,767838.06,11/26/2018 0:00:00,371950.22,582504.5,1/3/2019 0:00:00,Disponible
487,487,757354.29,43058.76,2/17/2019 0:00:00,375662.82,580825.71,5/2/2019 0:00:00,628107.33,339699.31,5/31/2019 0:00:00,Disponible
488,488,323722.26,818207.86,12/8/2018 0:00:00,127934.16,921222.24,10/6/2019 0:00:00,540032.2,919657.76,1/13/2019 0:00:00,Disponible
489,489,286254.52,158764.93,3/19/2019 0:00:00,946031.97,647138.07,1/30/2019 0:00:00,765118.36,274448.37,12/6/2018 0:00:00,Disponible
490,490,267461.18,79105.2,7/7/2019 0:00:00,65863.67,755669.59,9/9/2019 0:00:00,957506.81,752898.44,12/13/2018 0:00:00,Disponible
491,491,470222.96,110104.51,2/9/2019 0:00:00,338845.79,902674.38,11/11/2018 0:00:00,107495.32,827889.02,3/21/2019 0:00:00,Disponible
492,492,594980.41,77676.61,9/13/2019 0:00:00,298606.51,884524.06,4/6/2019 0:00:00,518417.88,312470.39,12/11/2018 0:00:00,Disponible
493,493,879931.21,617680.95,2/25/2019 0:00:00,813857.4,707625.32,8/21/2019 0:00:00,814245.15,328676.83,8/29/2019 0:00:00,Disponible
494,494,840952.94,953508.19,11/27/2018 0:00:00,709445.69,816209.59,9/11/2019 0:00:00,366528.24,417889.32,2/17/2019 0:00:00,Disponible
495,495,353033.16,137656.67,1/24/2019 0:00:00,465934.53,68249.26,11/10/2018 0:00:00,990662.36,692957.15,7/23/2019 0:00:00,Disponible
496,496,251162.71,787082.27,3/2/2019 0:00:00,690088.29,824396.05,8/19/2019 0:00:00,861845.24,989400.32,10/23/2018 0:00:00,Disponible
497,497,723075.76,109162.06,2/1/2019 0:00:00,172913.35,832658.02,6/13/2019 0:00:00,679662.23,707779.59,8/2/2019 0:00:00,Disponible
498,498,992468.91,988707.86,5/11/2019 0:00:00,75290.56,570665.72,6/29/2019 0:00:00,88253.27,264342.62,7/19/2019 0:00:00,Disponible
499,499,717967.59,841268.4,5/4/2019 0:00:00,516498.5,198341.07,9/21/2019 0:00:00,404482.97,332557.72,1/3/2019 0:00:00,Disponible
500,500,272504.33,549916.25,10/28/2018 0:00:00,249138.08,961495.68,12/30/2018 0:00:00,377972,495564.87,11/17/2018 0:00:00,Disponible
501,501,315652.42,863162.51,10/11/2019 0:00:00,291805.79,872947.66,2/22/2019 0:00:00,874458.19,242241.32,7/26/2019 0:00:00,Disponible
502,502,34931.69,958360,5/20/2019 0:00:00,202710.99,188737.8,7/12/2019 0:00:00,503886.72,27182.69,11/12/2018 0:00:00,Disponible
503,503,736089.11,995025.35,3/14/2019 0:00:00,353086.39,407911.43,3/30/2019 0:00:00,535568.59,403679.56,11/14/2018 0:00:00,Disponible
504,504,308641.97,557504.85,12/27/2018 0:00:00,149053.26,378548.02,8/18/2019 0:00:00,524908.07,380414.95,4/13/2019 0:00:00,Disponible
505,505,83445.85,989297.77,3/25/2019 0:00:00,161874.26,910848.1,11/27/2018 0:00:00,160171.36,304883.58,10/22/2018 0:00:00,Disponible
506,506,823133.55,322105.43,10/6/2019 0:00:00,806487.44,205186.25,7/30/2019 0:00:00,571288.32,723147.65,1/7/2019 0:00:00,Disponible
507,507,738657.99,707355.8,7/19/2019 0:00:00,259974.09,306884.24,6/23/2019 0:00:00,224049,330316.39,5/3/2019 0:00:00,Disponible
508,508,564442.06,730366.03,2/6/2019 0:00:00,412740.44,241421.56,5/19/2019 0:00:00,935959.27,417147.54,7/27/2019 0:00:00,Disponible
509,509,690368.16,65382.01,4/15/2019 0:00:00,784411.62,494345.63,7/21/2019 0:00:00,674564.82,661510.88,1/8/2019 0:00:00,Disponible
510,510,62958.43,762003.15,1/1/2019 0:00:00,156275.77,241247.95,4/8/2019 0:00:00,538351.32,556282.13,12/20/2018 0:00:00,Disponible
511,511,992866.47,314064.05,9/19/2019 0:00:00,694852.94,546053.68,10/26/2018 0:00:00,174674.86,954279.09,10/13/2019 0:00:00,Disponible
512,512,253930.98,365183.86,10/31/2018 0:00:00,649279.03,621354.92,8/10/2019 0:00:00,465582.04,60879.31,5/27/2019 0:00:00,Disponible
513,513,923398.97,651242.84,8/13/2019 0:00:00,971360.63,318507.12,10/26/2018 0:00:00,712352.67,578678.33,10/22/2018 0:00:00,Disponible
514,514,922867.12,255412.59,1/21/2019 0:00:00,753375.97,217228.87,10/2/2019 0:00:00,390216.71,775995.68,10/17/2019 0:00:00,Disponible
515,515,651424.84,24964.31,5/28/2019 0:00:00,737069.87,487849.93,3/20/2019 0:00:00,143521.48,985004,2/26/2019 0:00:00,Disponible
516,516,627446.01,700811.76,3/18/2019 0:00:00,753401.46,574955.87,3/8/2019 0:00:00,331921.92,107952.17,10/19/2018 0:00:00,Disponible
517,517,666107.4,292326.33,5/8/2019 0:00:00,674588.13,490466.08,10/15/2019 0:00:00,473513.14,416031.8,11/14/2018 0:00:00,Disponible
518,518,137549.2,119694.9,10/12/2019 0:00:00,42809.08,570710.86,8/18/2019 0:00:00,312430.62,744613.67,8/24/2019 0:00:00,Disponible
519,519,232951.41,618826.48,2/9/2019 0:00:00,603906.4,714039.23,2/7/2019 0:00:00,244463.74,452787.51,7/5/2019 0:00:00,Disponible
520,520,113416.06,773596.9,7/24/2019 0:00:00,410114.64,216619.06,7/22/2019 0:00:00,778825.04,127731.74,7/1/2019 0:00:00,Disponible
521,521,807041.52,688227.74,7/14/2019 0:00:00,49115.54,717521.51,3/16/2019 0:00:00,477047.52,568297.94,2/1/2019 0:00:00,Disponible
522,522,488767.96,921071.4,9/10/2019 0:00:00,239747.85,188893.93,12/6/2018 0:00:00,233027.78,959582.83,5/14/2019 0:00:00,Disponible
523,523,109405.43,557179,4/25/2019 0:00:00,803167.38,687296.81,10/7/2019 0:00:00,116519.31,970762.83,7/23/2019 0:00:00,Disponible
524,524,332503.72,604025.9,9/11/2019 0:00:00,759971.8,517349.95,2/4/2019 0:00:00,700377.56,720549.51,4/27/2019 0:00:00,Disponible
525,525,689195.75,199623.76,11/9/2018 0:00:00,263157.26,49572.64,6/1/2019 0:00:00,51927.97,719857.48,4/15/2019 0:00:00,Disponible
526,526,419637.01,445410.69,4/15/2019 0:00:00,951543.12,181847.37,9/15/2019 0:00:00,473864.33,631772.36,10/13/2019 0:00:00,Disponible
527,527,265013.98,149860,4/9/2019 0:00:00,121218.91,391979.8,7/22/2019 0:00:00,266579.61,864165.42,2/2/2019 0:00:00,Disponible
528,528,475097.42,127252.41,3/1/2019 0:00:00,184727.65,731132.56,11/22/2018 0:00:00,741874.89,974102.46,1/28/2019 0:00:00,Disponible
529,529,766952.32,612049.48,6/18/2019 0:00:00,552774.47,465992.75,6/24/2019 0:00:00,856317.67,454891.46,4/27/2019 0:00:00,Disponible
530,530,886159.8,997595.95,8/16/2019 0:00:00,857549.92,697668.46,3/31/2019 0:00:00,161399.71,826126.87,10/8/2019 0:00:00,Disponible
531,531,112408.25,570555.11,1/11/2019 0:00:00,462385.49,891661.12,12/16/2018 0:00:00,166455.4,971353.9,7/26/2019 0:00:00,Disponible
532,532,58620.9,915647.35,7/20/2019 0:00:00,326407.06,54553.48,9/16/2019 0:00:00,104301.96,452562.01,3/11/2019 0:00:00,Disponible
533,533,660064.17,636447.26,2/28/2019 0:00:00,398463.35,140156.88,3/11/2019 0:00:00,397602.92,218066.95,2/15/2019 0:00:00,Disponible
534,534,175008.71,331070.15,4/28/2019 0:00:00,278436.57,366912.78,6/5/2019 0:00:00,339547.11,25819.6,6/15/2019 0:00:00,Disponible
535,535,346226.39,848216.62,1/17/2019 0:00:00,925666.01,834837.67,10/29/2018 0:00:00,133197.52,582512.81,3/8/2019 0:00:00,Disponible
536,536,984860.32,773135.51,12/30/2018 0:00:00,778011.54,138121.94,9/24/2019 0:00:00,313194.79,28466.72,10/20/2018 0:00:00,Disponible
537,537,64524.55,36607.28,6/30/2019 0:00:00,633452.99,536511.21,5/5/2019 0:00:00,409758.21,266110.37,5/11/2019 0:00:00,Disponible
538,538,501614.94,32641.4,11/16/2018 0:00:00,833577.48,742295.78,5/9/2019 0:00:00,353554.24,926618.49,10/25/2018 0:00:00,Disponible
539,539,118038.72,315224.34,10/6/2019 0:00:00,48473.36,736516.77,9/26/2019 0:00:00,425449.52,170282.45,9/7/2019 0:00:00,Disponible
540,540,981085.56,22942.29,8/24/2019 0:00:00,774052.23,85507.19,9/8/2019 0:00:00,587818.92,278324.91,6/11/2019 0:00:00,Disponible
541,541,398707.96,624593.27,6/30/2019 0:00:00,687999.41,444217.17,4/18/2019 0:00:00,701188.71,956593.84,3/30/2019 0:00:00,Disponible
542,542,280549.56,209185.73,1/9/2019 0:00:00,283977.23,889383.39,4/5/2019 0:00:00,595225.55,689059.58,3/8/2019 0:00:00,Disponible
543,543,205540.73,140108.26,11/10/2018 0:00:00,633720.83,860497.48,4/24/2019 0:00:00,323332.78,681513.91,6/15/2019 0:00:00,Disponible
544,544,552758.63,202229.26,3/9/2019 0:00:00,953948.23,291782.04,11/16/2018 0:00:00,852201.08,490104.3,1/11/2019 0:00:00,Disponible
545,545,333796.85,369359.61,8/3/2019 0:00:00,601003.35,540242.71,3/8/2019 0:00:00,720848.82,425653.51,7/17/2019 0:00:00,Disponible
546,546,265077.84,251117.01,8/19/2019 0:00:00,514008.16,256315.38,3/7/2019 0:00:00,140241,433343.79,3/20/2019 0:00:00,Disponible
547,547,934264.89,404687.25,5/13/2019 0:00:00,332036.74,912750.67,7/5/2019 0:00:00,100434.03,152854.87,1/15/2019 0:00:00,Disponible
548,548,500577.94,726750.75,7/4/2019 0:00:00,587032.43,700690.82,9/7/2019 0:00:00,586173.27,980272.95,3/15/2019 0:00:00,Disponible
549,549,214318.21,633645.2,1/21/2019 0:00:00,81655.07,133341.21,4/24/2019 0:00:00,433032.35,85141.95,6/19/2019 0:00:00,Disponible
550,550,927755.01,161225.96,11/3/2018 0:00:00,967840,313913.16,12/7/2018 0:00:00,121613.7,696522.36,5/29/2019 0:00:00,Disponible
551,551,709467.55,465769.87,7/19/2019 0:00:00,273972.91,92855.59,4/9/2019 0:00:00,719876.85,84240.44,8/26/2019 0:00:00,Disponible
552,552,565196.73,943870.84,5/13/2019 0:00:00,439559.18,936442.73,3/8/2019 0:00:00,949605.64,132668.55,9/12/2019 0:00:00,Disponible
553,553,134836.82,86287.51,6/6/2019 0:00:00,180285.9,40813.16,4/13/2019 0:00:00,985400.95,802955.25,9/25/2019 0:00:00,Disponible
554,554,581315.19,178181.22,12/5/2018 0:00:00,554725.15,948502.39,7/15/2019 0:00:00,121169.84,686535.18,3/27/2019 0:00:00,Disponible
555,555,730617.06,466295.49,7/17/2019 0:00:00,339899.22,148986.03,10/25/2018 0:00:00,756487.42,854917.57,10/18/2019 0:00:00,Disponible
556,556,961143.38,598285.4,7/1/2019 0:00:00,330794.13,646669.51,3/9/2019 0:00:00,282194.05,624703.49,11/30/2018 0:00:00,Disponible
557,557,814773.44,646290.57,3/21/2019 0:00:00,385084.85,272145.03,5/20/2019 0:00:00,405634.44,991037,8/31/2019 0:00:00,Disponible
558,558,529631.26,254301.54,8/15/2019 0:00:00,105489.43,717945.3,7/31/2019 0:00:00,517181.69,817341.25,12/9/2018 0:00:00,Disponible
559,559,313393.83,181956.48,5/12/2019 0:00:00,586616.38,230275.75,9/26/2019 0:00:00,729349.86,603945.82,8/14/2019 0:00:00,Disponible
560,560,935075.22,690982.51,4/30/2019 0:00:00,829352.89,735473.48,3/30/2019 0:00:00,638745.94,170782.37,5/18/2019 0:00:00,Disponible
561,561,488411.32,659687.97,3/22/2019 0:00:00,723726.75,625646.81,8/9/2019 0:00:00,779902.51,471480.78,10/4/2019 0:00:00,Disponible
562,562,657637.35,111664.35,12/23/2018 0:00:00,691306.65,425636.28,11/22/2018 0:00:00,671929.43,961770.54,12/2/2018 0:00:00,Disponible
563,563,881588.53,416542.68,6/4/2019 0:00:00,425698.68,496243.06,2/28/2019 0:00:00,435085.41,243481.97,8/13/2019 0:00:00,Disponible
564,564,530441.3,379093.54,1/15/2019 0:00:00,196225.57,762030.7,8/14/2019 0:00:00,221407.33,33458.84,11/27/2018 0:00:00,Disponible
565,565,114885.19,96560.9,11/20/2018 0:00:00,700230.4,705796.5,8/22/2019 0:00:00,28431.21,212687.52,9/18/2019 0:00:00,Disponible
566,566,385001.12,747347.26,5/22/2019 0:00:00,494010.73,197474,3/4/2019 0:00:00,174152.89,696234.58,10/19/2018 0:00:00,Disponible
567,567,195644.2,768146,3/24/2019 0:00:00,97639.57,786917.02,12/13/2018 0:00:00,93203.44,828430.09,12/5/2018 0:00:00,Disponible
568,568,533842.39,791153.28,9/19/2019 0:00:00,736251.16,59882.28,11/12/2018 0:00:00,644472.41,208269.57,4/6/2019 0:00:00,Disponible
569,569,194581.89,623222.99,9/10/2019 0:00:00,108281.25,538957.81,12/21/2018 0:00:00,247891.9,151813.29,11/6/2018 0:00:00,Disponible
570,570,546577.78,565547.54,12/31/2018 0:00:00,755103.28,80484.29,3/8/2019 0:00:00,471876.99,347641,10/29/2018 0:00:00,Disponible
571,571,465322.27,607292.66,11/26/2018 0:00:00,670817.11,298236.08,6/27/2019 0:00:00,301226.08,788830.97,7/28/2019 0:00:00,Disponible
572,572,927842.53,525377.88,8/21/2019 0:00:00,46585.88,27310.91,6/12/2019 0:00:00,186983.42,396730.19,3/21/2019 0:00:00,Disponible
573,573,898989.66,687956.93,1/21/2019 0:00:00,370837.24,923624.4,11/26/2018 0:00:00,360550.83,216908.74,4/13/2019 0:00:00,Disponible
574,574,310199.38,53169.41,7/12/2019 0:00:00,858242.83,716669.04,1/5/2019 0:00:00,526377.32,200162.34,1/9/2019 0:00:00,Disponible
575,575,862200.08,364740.88,7/11/2019 0:00:00,284714.98,572916.61,7/29/2019 0:00:00,422671.17,633893.24,6/7/2019 0:00:00,Disponible
576,576,530576.6,822445.81,10/31/2018 0:00:00,588951.97,78938.92,9/30/2019 0:00:00,819548.4,281219.46,4/15/2019 0:00:00,Disponible
577,577,308526.48,656564.23,1/14/2019 0:00:00,205617.57,640854.33,1/6/2019 0:00:00,748739.6,36623.57,6/14/2019 0:00:00,Disponible
578,578,500849.71,106496.11,10/11/2019 0:00:00,174993.13,785764.83,12/23/2018 0:00:00,549323.9,626184.23,2/9/2019 0:00:00,Disponible
579,579,683656.2,639750.33,12/8/2018 0:00:00,175317.29,301677.94,2/9/2019 0:00:00,284998.82,83774.4,12/17/2018 0:00:00,Disponible
580,580,739073.99,578200.79,7/14/2019 0:00:00,72254.01,959401.73,10/12/2019 0:00:00,167305.41,497873.91,12/2/2018 0:00:00,Disponible
581,581,649526.31,409857.11,2/5/2019 0:00:00,703714.42,340319.38,7/14/2019 0:00:00,203177.58,349206.19,10/1/2019 0:00:00,Disponible
582,582,529023.93,399997.34,3/11/2019 0:00:00,543625.04,706483.06,11/19/2018 0:00:00,454805.75,712607.09,5/30/2019 0:00:00,Disponible
583,583,132401.14,885128.6,11/29/2018 0:00:00,776813.23,967523.7,3/22/2019 0:00:00,967095.17,971072.23,5/6/2019 0:00:00,Disponible
584,584,694990.99,724974.84,1/15/2019 0:00:00,547251.14,545967.91,8/17/2019 0:00:00,399354.71,710326.12,2/19/2019 0:00:00,Disponible
585,585,255456.84,65623.38,6/22/2019 0:00:00,26777.11,978152.21,4/1/2019 0:00:00,295514.79,937113.44,3/19/2019 0:00:00,Disponible
586,586,933262.19,685376.22,5/3/2019 0:00:00,895281.07,240686.11,8/27/2019 0:00:00,969368.33,643966.17,9/7/2019 0:00:00,Disponible
587,587,307018.76,764432.85,9/4/2019 0:00:00,278293.05,524210.48,5/14/2019 0:00:00,202489.47,39238.2,2/18/2019 0:00:00,Disponible
588,588,995599.86,926677.58,2/4/2019 0:00:00,566155.25,374909.09,2/21/2019 0:00:00,593178.05,904617.66,7/18/2019 0:00:00,Disponible
589,589,246433.46,268611.61,3/24/2019 0:00:00,806184.84,640150.72,7/24/2019 0:00:00,430011.25,340995.91,7/8/2019 0:00:00,Disponible
590,590,394569.52,833821.88,12/1/2018 0:00:00,735569.89,534839.63,8/11/2019 0:00:00,396058.37,597089.26,2/28/2019 0:00:00,Disponible
591,591,362877.88,603333.33,1/11/2019 0:00:00,709103.24,725844.18,10/31/2018 0:00:00,199168.8,91750.24,7/8/2019 0:00:00,Disponible
592,592,389441.06,417184.57,7/28/2019 0:00:00,322351.26,198029.64,4/8/2019 0:00:00,248903.91,994081.29,11/4/2018 0:00:00,Disponible
593,593,45929.6,379605.57,5/5/2019 0:00:00,693269.3,441419.09,4/2/2019 0:00:00,484624.96,312852.76,9/20/2019 0:00:00,Disponible
594,594,859700.08,801287.19,1/19/2019 0:00:00,140343.45,625103.72,4/12/2019 0:00:00,610371.55,330262.82,11/30/2018 0:00:00,Disponible
595,595,111283.3,998323.46,3/20/2019 0:00:00,626329.65,880326.96,10/26/2018 0:00:00,383529.08,984069.08,1/14/2019 0:00:00,Disponible
596,596,501576.2,48156.68,3/26/2019 0:00:00,525254.8,268442.55,2/6/2019 0:00:00,795179.08,264931.21,7/4/2019 0:00:00,Disponible
597,597,96982.32,93609.82,2/5/2019 0:00:00,107132.34,391776.3,5/26/2019 0:00:00,912272.78,993995.83,1/21/2019 0:00:00,Disponible
598,598,78803.93,63104.95,4/15/2019 0:00:00,503758.44,632837.57,6/14/2019 0:00:00,295642.06,222868.34,9/5/2019 0:00:00,Disponible
599,599,627830.02,195846.45,10/24/2018 0:00:00,92192.5,167275.5,6/25/2019 0:00:00,463543.72,982743.8,1/5/2019 0:00:00,Disponible
600,600,623556.3,256451.96,9/12/2019 0:00:00,545021.62,387713.44,1/17/2019 0:00:00,314609.75,836462.19,10/8/2019 0:00:00,Disponible
601,601,470745.93,961088.13,5/23/2019 0:00:00,373349.87,612039.53,4/19/2019 0:00:00,990282.55,306533.57,5/14/2019 0:00:00,Disponible
602,602,137237.39,320176.19,10/13/2019 0:00:00,98731.97,525153.9,4/13/2019 0:00:00,613930.15,468862.7,9/21/2019 0:00:00,Disponible
603,603,599249.75,792777.39,7/12/2019 0:00:00,888819.08,976705.08,7/22/2019 0:00:00,75668.43,451496.41,10/16/2019 0:00:00,Disponible
604,604,918462.97,997893.43,5/10/2019 0:00:00,735916.36,206885.49,7/5/2019 0:00:00,35155.44,953333.18,4/5/2019 0:00:00,Disponible
605,605,798977.41,610648.84,7/10/2019 0:00:00,780705.08,815024.94,7/5/2019 0:00:00,361710.42,216173.2,9/18/2019 0:00:00,Disponible
606,606,723959.22,781500.18,8/30/2019 0:00:00,344099.27,480959.97,6/9/2019 0:00:00,836738.93,265481.87,12/18/2018 0:00:00,Disponible
607,607,440465.75,897662.51,3/2/2019 0:00:00,583702.34,747151.39,11/27/2018 0:00:00,358648.57,189830.7,6/16/2019 0:00:00,Disponible
608,608,494202.77,597157.39,4/27/2019 0:00:00,756728.32,738743.51,4/9/2019 0:00:00,358839.41,446010,2/4/2019 0:00:00,Disponible
609,609,804358.55,540732.09,11/2/2018 0:00:00,834712.8,606875.9,7/11/2019 0:00:00,786891.37,317833.82,6/9/2019 0:00:00,Disponible
610,610,290161.78,962296.04,12/27/2018 0:00:00,939994.37,789655.69,6/23/2019 0:00:00,43009.93,733632.84,2/18/2019 0:00:00,Disponible
611,611,994122.54,213157.9,3/8/2019 0:00:00,540966.93,912443.52,6/8/2019 0:00:00,970001.24,917695.1,4/16/2019 0:00:00,Disponible
612,612,21598.26,447036.01,8/22/2019 0:00:00,241889.52,151531.94,6/23/2019 0:00:00,680041.49,511955.63,9/20/2019 0:00:00,Disponible
613,613,152385.28,24169.76,8/15/2019 0:00:00,988876.69,362839.41,3/22/2019 0:00:00,215376.17,688129.1,10/12/2019 0:00:00,Disponible
614,614,395991.77,717614.74,2/12/2019 0:00:00,111978.41,520056.1,10/26/2018 0:00:00,461226.69,254549.88,4/20/2019 0:00:00,Disponible
615,615,474116.34,703391.45,2/10/2019 0:00:00,221434.48,58684.42,8/12/2019 0:00:00,327120.77,32148.38,6/2/2019 0:00:00,Disponible
616,616,382993.12,94789.46,3/23/2019 0:00:00,811711.62,261787.27,3/5/2019 0:00:00,81727.7,184243.94,4/7/2019 0:00:00,Disponible
617,617,935158.05,26896.31,11/19/2018 0:00:00,301851.03,507239.4,9/16/2019 0:00:00,379737.74,853752.03,11/12/2018 0:00:00,Disponible
618,618,973638.74,689506.1,1/29/2019 0:00:00,322859.05,881707.09,8/10/2019 0:00:00,26628.24,417094.97,11/18/2018 0:00:00,Disponible
619,619,784431.44,832931.23,1/5/2019 0:00:00,377587.92,145067.8,2/17/2019 0:00:00,138711.81,311376,8/19/2019 0:00:00,Disponible
620,620,231203.02,667233.43,6/10/2019 0:00:00,561523.84,177198.55,11/13/2018 0:00:00,40269.45,123083.89,5/1/2019 0:00:00,Disponible
621,621,795297.92,133258.53,9/28/2019 0:00:00,877650.48,259047.17,10/15/2019 0:00:00,573842.28,311054.71,3/6/2019 0:00:00,Disponible
622,622,990880.07,134977.17,8/27/2019 0:00:00,816358.28,866979.8,6/19/2019 0:00:00,731221.18,601091.2,5/16/2019 0:00:00,Disponible
623,623,167575.24,332605.84,10/29/2018 0:00:00,762568.7,737372.87,1/11/2019 0:00:00,455618.31,473600.21,6/8/2019 0:00:00,Disponible
624,624,471562.37,819114.54,9/11/2019 0:00:00,988822.12,590974.17,8/8/2019 0:00:00,887052.8,311529.29,10/28/2018 0:00:00,Disponible
625,625,772271.84,702906.62,9/8/2019 0:00:00,937070.61,485339.99,2/25/2019 0:00:00,945062.13,367514.24,3/23/2019 0:00:00,Disponible
626,626,267341.1,820650.28,4/8/2019 0:00:00,754797.23,928615.8,7/17/2019 0:00:00,45286.05,39387.34,1/2/2019 0:00:00,Disponible
627,627,598285.54,145832.49,5/31/2019 0:00:00,59563.03,867654.13,8/8/2019 0:00:00,547584.75,889651.31,11/13/2018 0:00:00,Disponible
628,628,301975.27,619884.95,3/12/2019 0:00:00,575149.84,213551.95,11/29/2018 0:00:00,81450.71,677676.22,2/10/2019 0:00:00,Disponible
629,629,357890.54,740543.61,7/1/2019 0:00:00,261710.97,195158.24,1/11/2019 0:00:00,278776.52,696600.87,9/20/2019 0:00:00,Disponible
630,630,121150.12,211039.12,3/9/2019 0:00:00,622866.89,776494.31,12/29/2018 0:00:00,382701.73,818741.9,3/18/2019 0:00:00,Disponible
631,631,866807.25,838418.84,12/4/2018 0:00:00,455275.86,383649.8,6/7/2019 0:00:00,756541.17,358727.01,4/13/2019 0:00:00,Disponible
632,632,479416.21,744520.79,2/22/2019 0:00:00,713800.43,107375.64,7/24/2019 0:00:00,179203.85,382744.72,3/19/2019 0:00:00,Disponible
633,633,902564.79,784270.08,10/3/2019 0:00:00,72410.25,154381.14,9/16/2019 0:00:00,357330.62,947376.07,1/16/2019 0:00:00,Disponible
634,634,104605.14,414736.86,8/5/2019 0:00:00,35311.24,731612.42,11/30/2018 0:00:00,86510.32,514598.93,9/29/2019 0:00:00,Disponible
635,635,717773.7,810576.37,9/16/2019 0:00:00,959253.9,962136.86,3/1/2019 0:00:00,608841.29,542645.55,8/19/2019 0:00:00,Disponible
636,636,320485.53,138260.07,9/6/2019 0:00:00,97455.16,778451.98,10/31/2018 0:00:00,734941.34,664423.06,7/14/2019 0:00:00,Disponible
637,637,74397.73,930536.64,6/17/2019 0:00:00,850515.65,178454.57,5/27/2019 0:00:00,250125,724220.66,10/2/2019 0:00:00,Disponible
638,638,488057.11,600578.32,4/29/2019 0:00:00,512081.79,962570.62,8/14/2019 0:00:00,823602.91,764408.99,9/5/2019 0:00:00,Disponible
639,639,234202.33,620908.83,12/3/2018 0:00:00,618897.56,994957.37,7/4/2019 0:00:00,472737.44,547934.71,9/2/2019 0:00:00,Disponible
640,640,59231.96,548180.85,4/15/2019 0:00:00,628684.56,150576.5,7/24/2019 0:00:00,640128.79,648823.84,5/16/2019 0:00:00,Disponible
641,641,496586.57,898323.49,2/21/2019 0:00:00,289323.69,548986.6,12/28/2018 0:00:00,625899.02,544566.6,10/5/2019 0:00:00,Disponible
642,642,723446.89,48760.42,12/6/2018 0:00:00,238563.17,749211.81,10/20/2018 0:00:00,496912.61,958648.84,9/9/2019 0:00:00,Disponible
643,643,108625.05,935674.09,6/24/2019 0:00:00,612460.57,949909.57,3/11/2019 0:00:00,514915.05,731283.76,12/25/2018 0:00:00,Disponible
644,644,694269.38,855757.09,3/25/2019 0:00:00,119070.15,551960.33,1/17/2019 0:00:00,737939.84,783104.68,4/18/2019 0:00:00,Disponible
645,645,193904.08,211884.13,4/3/2019 0:00:00,751828.5,671879.8,8/23/2019 0:00:00,142905.13,546513.95,3/3/2019 0:00:00,Disponible
646,646,636001.23,686059.06,4/27/2019 0:00:00,885672.64,760152.8,9/29/2019 0:00:00,976742.99,898905.47,1/15/2019 0:00:00,Disponible
647,647,437892.39,28598.5,7/12/2019 0:00:00,158259.46,443854.92,10/30/2018 0:00:00,970625.47,372553.44,8/3/2019 0:00:00,Disponible
648,648,895020.79,479945.16,3/5/2019 0:00:00,86985.01,931054.71,8/26/2019 0:00:00,810587.9,288817.3,12/11/2018 0:00:00,Disponible
649,649,42436.7,592143.1,10/27/2018 0:00:00,298493.82,443345.4,5/20/2019 0:00:00,186650.49,841359.98,5/19/2019 0:00:00,Disponible
650,650,237237.35,395887.54,8/14/2019 0:00:00,760623.93,915374.84,4/14/2019 0:00:00,674309.14,640234.41,3/27/2019 0:00:00,Disponible
651,651,887928.81,390336.27,11/2/2018 0:00:00,584214.34,337175.24,4/4/2019 0:00:00,510312.22,552329.63,9/3/2019 0:00:00,Disponible
652,652,726590.59,244988.01,9/5/2019 0:00:00,217343.07,918099.04,7/16/2019 0:00:00,969726.04,540319.44,11/14/2018 0:00:00,Disponible
653,653,385554.26,591902.7,5/15/2019 0:00:00,999318.95,844691.27,4/27/2019 0:00:00,615705.08,742381.64,7/18/2019 0:00:00,Disponible
654,654,746911.37,289405.87,8/12/2019 0:00:00,334899.47,186504.03,4/13/2019 0:00:00,453577.98,380405.52,10/8/2019 0:00:00,Disponible
655,655,532631.14,598409.78,5/28/2019 0:00:00,951380.23,656774.24,8/28/2019 0:00:00,846105.53,615227.04,12/1/2018 0:00:00,Disponible
656,656,139341.08,475697.96,9/24/2019 0:00:00,529750.86,162114.85,12/11/2018 0:00:00,231779.57,701144.6,6/2/2019 0:00:00,Disponible
657,657,149895.29,326020.64,1/7/2019 0:00:00,262847.87,115288.33,11/24/2018 0:00:00,869739.37,656597.87,2/4/2019 0:00:00,Disponible
658,658,751646.57,565506.89,10/30/2018 0:00:00,245639.21,906712.43,4/2/2019 0:00:00,326275.84,870598.52,10/26/2018 0:00:00,Disponible
659,659,592710.96,439171.17,11/1/2018 0:00:00,221162.09,147525.74,5/10/2019 0:00:00,86404.76,122787.08,12/28/2018 0:00:00,Disponible
660,660,918258.47,804446.89,6/16/2019 0:00:00,649300.78,591890.7,6/27/2019 0:00:00,421878.77,518822.99,11/22/2018 0:00:00,Disponible
661,661,400601.15,107392.34,11/13/2018 0:00:00,414407.88,528630.61,5/3/2019 0:00:00,176282.86,89319.71,8/9/2019 0:00:00,Disponible
662,662,532234.01,657225.07,2/12/2019 0:00:00,204604.64,782006.45,11/3/2018 0:00:00,354371.58,376666.7,7/28/2019 0:00:00,Disponible
663,663,254266.94,748306.55,11/5/2018 0:00:00,380260.46,603922.3,12/29/2018 0:00:00,478240.36,221339.39,2/3/2019 0:00:00,Disponible
664,664,654817.28,303667.38,5/30/2019 0:00:00,447809.89,155773.39,11/12/2018 0:00:00,665974.85,771506.92,6/30/2019 0:00:00,Disponible
665,665,394625,674921.98,9/9/2019 0:00:00,722158.6,52609.35,8/11/2019 0:00:00,770981.89,51325.48,12/19/2018 0:00:00,Disponible
666,666,589941.44,570345.48,4/15/2019 0:00:00,877156.56,270529.72,4/29/2019 0:00:00,479419.77,218451.47,2/5/2019 0:00:00,Disponible
667,667,528446.55,773183.09,7/22/2019 0:00:00,105057.82,887291.13,12/8/2018 0:00:00,729600.79,354729.46,5/5/2019 0:00:00,Disponible
668,668,189414.23,153566.14,8/4/2019 0:00:00,375829.71,764605.75,12/23/2018 0:00:00,119480.57,126526.26,10/14/2019 0:00:00,Disponible
669,669,275473.84,742283.45,7/6/2019 0:00:00,335110.6,861910.04,3/6/2019 0:00:00,39363.15,985680.63,7/20/2019 0:00:00,Disponible
670,670,957699.9,714182.28,10/11/2019 0:00:00,904292.39,766231.03,3/11/2019 0:00:00,516849.27,289055.46,1/10/2019 0:00:00,Disponible
671,671,707625.43,148821.28,2/13/2019 0:00:00,493200.33,533395.35,4/4/2019 0:00:00,261708.75,152092.3,7/27/2019 0:00:00,Disponible
672,672,122510.06,412979.9,6/14/2019 0:00:00,714686.33,306062.26,6/24/2019 0:00:00,324083.9,783327.2,12/4/2018 0:00:00,Disponible
673,673,670252.71,897282.08,11/25/2018 0:00:00,474164.34,786418.75,6/14/2019 0:00:00,329143.66,178341.6,7/9/2019 0:00:00,Disponible
674,674,371150.74,231515.69,2/27/2019 0:00:00,812475.43,350088.89,2/18/2019 0:00:00,668738.92,587731.26,2/7/2019 0:00:00,Disponible
675,675,623661.96,108593.34,3/22/2019 0:00:00,461030.66,126855.62,8/25/2019 0:00:00,815687.08,252932.86,8/1/2019 0:00:00,Disponible
676,676,440836.35,904372.81,11/14/2018 0:00:00,79744.18,668355.25,4/13/2019 0:00:00,585192.14,969761.57,11/29/2018 0:00:00,Disponible
677,677,186060.72,767751.11,10/24/2018 0:00:00,737724.18,670115.88,12/20/2018 0:00:00,824050.94,48149.03,7/4/2019 0:00:00,Disponible
678,678,957724.59,107166.08,2/1/2019 0:00:00,854587.19,371762.8,5/28/2019 0:00:00,949629.02,444809.21,8/18/2019 0:00:00,Disponible
679,679,365534.33,784313.77,10/20/2018 0:00:00,426603.3,362270.14,8/2/2019 0:00:00,332206.06,664561.53,3/15/2019 0:00:00,Disponible
680,680,99298.65,876408.47,7/18/2019 0:00:00,245460.3,20195.19,4/13/2019 0:00:00,648553,950677.48,1/15/2019 0:00:00,Disponible
681,681,645210.77,390028.7,1/3/2019 0:00:00,413480.03,52817.57,2/23/2019 0:00:00,906919.9,234468.08,12/14/2018 0:00:00,Disponible
682,682,553559.37,930670.8,12/30/2018 0:00:00,325125.92,395198.2,12/5/2018 0:00:00,880727.41,521772.63,9/15/2019 0:00:00,Disponible
683,683,758806.55,258444.85,7/24/2019 0:00:00,852928.86,85050.46,11/19/2018 0:00:00,264510.41,321204.31,8/22/2019 0:00:00,Disponible
684,684,703585.75,378592.55,4/8/2019 0:00:00,563682.48,546031.08,11/18/2018 0:00:00,122459.09,986328.78,6/30/2019 0:00:00,Disponible
685,685,88597.58,332909.5,6/28/2019 0:00:00,624223.12,837570.88,7/12/2019 0:00:00,654775.96,253385.49,1/16/2019 0:00:00,Disponible
686,686,865254.49,998168.42,12/5/2018 0:00:00,604711.08,947167.33,5/15/2019 0:00:00,624506.01,446373.84,12/10/2018 0:00:00,Disponible
687,687,921580.33,419133.93,5/29/2019 0:00:00,849112.44,52409.79,10/6/2019 0:00:00,804888.33,955762.18,12/17/2018 0:00:00,Disponible
688,688,942509.87,552609.31,6/13/2019 0:00:00,763059.44,961152.83,12/20/2018 0:00:00,46730.18,171454.71,6/29/2019 0:00:00,Disponible
689,689,490849.69,492465.18,6/28/2019 0:00:00,199516.3,57715.87,6/30/2019 0:00:00,922294.7,328465.31,9/15/2019 0:00:00,Disponible
690,690,136161.08,153555.85,12/17/2018 0:00:00,729444.06,795408.41,10/2/2019 0:00:00,24770.15,194933.04,9/2/2019 0:00:00,Disponible
691,691,436105.7,995759.92,2/20/2019 0:00:00,80213.79,890993.33,8/21/2019 0:00:00,927620.41,527345.26,2/1/2019 0:00:00,Disponible
692,692,669660.01,534399.83,2/3/2019 0:00:00,449234.54,313307.99,8/23/2019 0:00:00,730184.06,302256.01,3/1/2019 0:00:00,Disponible
693,693,586313.1,160773.31,7/9/2019 0:00:00,711272.42,129817.85,8/14/2019 0:00:00,413271.93,819382.41,10/27/2018 0:00:00,Disponible
694,694,639919.73,449203.54,11/30/2018 0:00:00,765288.29,196109.15,10/31/2018 0:00:00,908782.02,387817.07,9/26/2019 0:00:00,Disponible
695,695,392309.03,723510.24,10/8/2019 0:00:00,314571.88,829309.87,3/21/2019 0:00:00,670130.98,292521.24,8/27/2019 0:00:00,Disponible
696,696,436080.09,68701.09,3/11/2019 0:00:00,84968.67,404856.25,1/17/2019 0:00:00,919285.34,375678.55,1/19/2019 0:00:00,Disponible
697,697,623448.47,714579.17,4/9/2019 0:00:00,381060.26,562583.72,6/20/2019 0:00:00,60394.59,318864.54,3/4/2019 0:00:00,Disponible
698,698,658742.36,775236.13,11/16/2018 0:00:00,563318.97,81015.61,1/6/2019 0:00:00,559268.78,318567.4,11/27/2018 0:00:00,Disponible
699,699,970600.49,131136.85,4/11/2019 0:00:00,574013.41,77030.27,10/15/2019 0:00:00,301356.76,62740.2,6/27/2019 0:00:00,Disponible
700,700,222163.23,244740.94,8/26/2019 0:00:00,793367.31,956844.57,12/6/2018 0:00:00,137411.51,166956.65,5/1/2019 0:00:00,Disponible
