ID,ID_USUARIO,ACEPTA_TERMINOS_CONDICIONES,ACEPTA_INFORMACION_COMERCIAL,ACEPTA_BARRIO,ID_BONO,ACEPTA_BOLETIN_INFORMATIVO,ACEPTA_CORREO_APUESTAS,ACEPTA_ENVIO_SMS,ACEPTA_NOTIFICACIONES,ACEPTA_AVISOS_BOLETA_APUESTA,LIMITE_APUESTAS_DIARIA,LIMITE_APUESTAS_SEMANAL,LIMITE_APUESTAS_MENSUAL,ESTADO
1,1,1,1,1,1,1,1,1,1,1,100000,567850,1234567,Disponible
2,2,1,1,1,2,1,1,1,1,1,100000.01,567850.01,1234567.01,Disponible
3,3,1,1,1,3,1,1,1,1,1,100000.02,567850.02,1234567.02,Disponible
4,4,1,1,1,4,1,1,1,1,1,100000.03,567850.03,1234567.03,Disponible
5,5,1,1,1,5,1,1,1,1,1,100000.04,567850.04,1234567.04,Disponible
6,6,1,1,1,6,1,1,1,1,1,100000.05,567850.05,1234567.05,Disponible
7,7,1,1,1,1,1,1,1,1,1,100000.06,567850.06,1234567.06,Disponible
8,8,1,1,1,2,1,1,1,1,1,100000.07,567850.07,1234567.07,Disponible
9,9,1,1,1,3,1,1,1,1,1,100000.08,567850.08,1234567.08,Disponible
10,10,1,1,1,4,1,1,1,1,1,100000.09,567850.09,1234567.09,Disponible
11,11,1,1,1,5,1,1,1,1,1,100000.1,567850.1,1234567.1,Disponible
12,12,1,1,1,1,1,1,1,1,1,100000.11,567850.11,1234567.11,Disponible
13,13,1,1,1,2,1,1,1,1,1,100000.12,567850.12,1234567.12,Disponible
14,14,1,1,1,3,1,1,1,1,1,100000.13,567850.13,1234567.13,Disponible
15,15,1,1,1,4,1,1,1,1,1,100000.14,567850.14,1234567.14,Disponible
16,16,1,1,1,5,1,1,1,1,1,100000.15,567850.15,1234567.15,Disponible
17,17,1,1,1,6,1,1,1,1,1,100000.16,567850.16,1234567.16,Disponible
18,18,1,1,1,1,1,1,1,1,1,100000.17,567850.17,1234567.17,Disponible
19,19,1,1,1,2,1,1,1,1,1,100000.18,567850.18,1234567.18,Disponible
20,20,1,1,1,3,1,1,1,1,1,100000.19,567850.19,1234567.19,Disponible
21,21,1,1,1,4,1,1,1,1,1,100000.2,567850.2,1234567.2,Disponible
22,22,1,1,1,5,1,1,1,1,1,100000.21,567850.21,1234567.21,Disponible
23,23,1,1,1,6,1,1,1,1,1,100000.22,567850.22,1234567.22,Disponible
24,24,1,1,1,1,1,1,1,1,1,100000.23,567850.23,1234567.23,Disponible
25,25,1,1,1,2,1,1,1,1,1,100000.24,567850.24,1234567.24,Disponible
26,26,1,1,1,3,1,1,1,1,1,100000.25,567850.25,1234567.25,Disponible
27,27,1,1,1,4,1,1,1,1,1,100000.26,567850.26,1234567.26,Disponible
28,28,1,1,1,5,1,1,1,1,1,100000.27,567850.27,1234567.27,Disponible
29,29,1,1,1,6,1,1,1,1,1,100000.28,567850.28,1234567.28,Disponible
30,30,1,1,1,1,1,1,1,1,1,100000.29,567850.29,1234567.29,Disponible
31,31,1,1,1,2,1,1,1,1,1,100000.3,567850.3,1234567.3,Disponible
32,32,1,1,1,3,1,1,1,1,1,100000.31,567850.31,1234567.31,Disponible
33,33,1,1,1,4,1,1,1,1,1,100000.32,567850.32,1234567.32,Disponible
34,34,1,1,1,5,1,1,1,1,1,100000.33,567850.33,1234567.33,Disponible
35,35,1,1,1,6,1,1,1,1,1,100000.34,567850.34,1234567.34,Disponible
36,36,1,1,1,1,1,1,1,1,1,100000.35,567850.35,1234567.35,Disponible
37,37,1,1,1,2,1,1,1,1,1,100000.36,567850.36,1234567.36,Disponible
38,38,1,1,1,3,1,1,1,1,1,100000.37,567850.37,1234567.37,Disponible
39,39,1,1,1,4,1,1,1,1,1,100000.38,567850.38,1234567.38,Disponible
40,40,1,1,1,5,1,1,1,1,1,100000.39,567850.39,1234567.39,Disponible
41,41,1,1,1,6,1,1,1,1,1,100000.4,567850.4,1234567.4,Disponible
42,42,1,1,1,1,1,1,1,1,1,100000.41,567850.41,1234567.41,Disponible
43,43,1,1,1,2,1,1,1,1,1,100000.42,567850.42,1234567.42,Disponible
44,44,1,1,1,3,1,1,1,1,1,100000.43,567850.43,1234567.43,Disponible
45,45,1,1,1,4,1,1,1,1,1,100000.44,567850.44,1234567.44,Disponible
46,46,1,1,1,5,1,1,1,1,1,100000.45,567850.45,1234567.45,Disponible
47,47,1,1,1,6,1,1,1,1,1,100000.46,567850.46,1234567.46,Disponible
48,48,1,1,1,1,1,1,1,1,1,100000.47,567850.47,1234567.47,Disponible
49,49,1,1,1,2,1,1,1,1,1,100000.48,567850.48,1234567.48,Disponible
50,50,1,1,1,3,1,1,1,1,1,100000.49,567850.49,1234567.49,Disponible
51,51,1,1,1,4,1,1,1,1,1,100000.5,567850.5,1234567.5,Disponible
52,52,1,1,1,5,1,1,1,1,1,100000.51,567850.51,1234567.51,Disponible
53,53,1,1,1,6,1,1,1,1,1,100000.52,567850.52,1234567.52,Disponible
54,54,1,1,1,1,1,1,1,1,1,100000.53,567850.53,1234567.53,Disponible
55,55,1,1,1,2,1,1,1,1,1,100000.54,567850.54,1234567.54,Disponible
56,56,1,1,1,3,1,1,1,1,1,100000.55,567850.55,1234567.55,Disponible
57,57,1,1,1,4,1,1,1,1,1,100000.56,567850.56,1234567.56,Disponible
58,58,1,1,1,5,1,1,1,1,1,100000.57,567850.57,1234567.57,Disponible
59,59,1,1,1,1,1,1,1,1,1,100000.58,567850.58,1234567.58,Disponible
60,60,1,1,1,2,1,1,1,1,1,100000.59,567850.59,1234567.59,Disponible
61,61,1,1,1,3,1,1,1,1,1,100000.6,567850.6,1234567.6,Disponible
62,62,1,1,1,4,1,1,1,1,1,100000.61,567850.61,1234567.61,Disponible
63,63,1,1,1,5,1,1,1,1,1,100000.62,567850.62,1234567.62,Disponible
64,64,1,1,1,6,1,1,1,1,1,100000.63,567850.63,1234567.63,Disponible
65,65,1,1,1,1,1,1,1,1,1,100000.64,567850.64,1234567.64,Disponible
66,66,1,1,1,2,1,1,1,1,1,100000.65,567850.65,1234567.65,Disponible
67,67,1,1,1,3,1,1,1,1,1,100000.66,567850.66,1234567.66,Disponible
68,68,1,1,1,4,1,1,1,1,1,100000.67,567850.67,1234567.67,Disponible
69,69,1,1,1,5,1,1,1,1,1,100000.68,567850.68,1234567.68,Disponible
70,70,1,1,1,6,1,1,1,1,1,100000.69,567850.69,1234567.69,Disponible
71,71,1,1,1,1,1,1,1,1,1,100000.7,567850.7,1234567.7,Disponible
72,72,1,1,1,2,1,1,1,1,1,100000.71,567850.71,1234567.71,Disponible
73,73,1,1,1,3,1,1,1,1,1,100000.72,567850.72,1234567.72,Disponible
74,74,1,1,1,4,1,1,1,1,1,100000.73,567850.73,1234567.73,Disponible
75,75,1,1,1,5,1,1,1,1,1,100000.74,567850.74,1234567.74,Disponible
76,76,1,1,1,6,1,1,1,1,1,100000.75,567850.75,1234567.75,Disponible
77,77,1,1,1,1,1,1,1,1,1,100000.76,567850.76,1234567.76,Disponible
78,78,1,1,1,2,1,1,1,1,1,100000.77,567850.77,1234567.77,Disponible
79,79,1,1,1,3,1,1,1,1,1,100000.78,567850.78,1234567.78,Disponible
80,80,1,1,1,4,1,1,1,1,1,100000.79,567850.79,1234567.79,Disponible
81,81,1,1,1,5,1,1,1,1,1,100000.8,567850.8,1234567.8,Disponible
82,82,1,1,1,6,1,1,1,1,1,100000.81,567850.81,1234567.81,Disponible
83,83,1,1,1,6,1,1,1,1,1,100000.82,567850.82,1234567.82,Disponible
84,84,1,1,1,1,1,1,1,1,1,100000.83,567850.83,1234567.83,Disponible
85,85,1,1,1,2,1,1,1,1,1,100000.84,567850.84,1234567.84,Disponible
86,86,1,1,1,3,1,1,1,1,1,100000.85,567850.85,1234567.85,Disponible
87,87,1,1,1,4,1,1,1,1,1,100000.86,567850.86,1234567.86,Disponible
88,88,1,1,1,5,1,1,1,1,1,100000.87,567850.87,1234567.87,Disponible
89,89,1,1,1,6,1,1,1,1,1,100000.88,567850.88,1234567.88,Disponible
90,90,1,1,1,1,1,1,1,1,1,100000.89,567850.89,1234567.89,Disponible
91,91,1,1,1,2,1,1,1,1,1,100000.9,567850.9,1234567.9,Disponible
92,92,1,1,1,3,1,1,1,1,1,100000.91,567850.91,1234567.91,Disponible
93,93,1,1,1,4,1,1,1,1,1,100000.92,567850.92,1234567.92,Disponible
94,94,1,1,1,5,1,1,1,1,1,100000.93,567850.93,1234567.93,Disponible
95,95,1,1,1,6,1,1,1,1,1,100000.94,567850.94,1234567.94,Disponible
96,96,1,1,1,1,1,1,1,1,1,100000.95,567850.95,1234567.95,Disponible
97,97,1,1,1,2,1,1,1,1,1,100000.96,567850.96,1234567.96,Disponible
98,98,1,1,1,3,1,1,1,1,1,100000.97,567850.97,1234567.97,Disponible
99,99,1,1,1,4,1,1,1,1,1,100000.98,567850.98,1234567.98,Disponible
100,100,1,1,1,5,1,1,1,1,1,100000.99,567850.99,1234567.99,Disponible
101,101,1,1,1,6,1,1,1,1,1,100000.1,345632,2345575,Disponible
102,102,1,1,1,1,1,1,1,1,1,100000.11,345632.01,2345575.01,Disponible
103,103,1,1,1,2,1,1,1,1,1,100000.12,345632.02,2345575.02,Disponible
104,104,1,1,1,3,1,1,1,1,1,100000.13,345632.03,2345575.03,Disponible
105,105,1,1,1,4,1,1,1,1,1,100000.14,345632.04,2345575.04,Disponible
106,106,1,1,1,5,1,1,1,1,1,100000.15,345632.05,2345575.05,Disponible
107,107,1,1,1,6,1,1,1,1,1,100000.16,345632.06,2345575.06,Disponible
108,108,1,1,1,1,1,1,1,1,1,100000.17,345632.07,2345575.07,Disponible
109,109,1,1,1,2,1,1,1,1,1,100000.18,345632.08,2345575.08,Disponible
110,110,1,1,1,3,1,1,1,1,1,100000.19,345632.09,2345575.09,Disponible
111,111,1,1,1,4,1,1,1,1,1,100000.2,345632.1,2345575.1,Disponible
112,112,1,1,1,5,1,1,1,1,1,100000.21,345632.11,2345575.11,Disponible
113,113,1,1,1,6,1,1,1,1,1,100000.22,345632.12,2345575.12,Disponible
114,114,1,1,1,1,1,1,1,1,1,100000.23,345632.13,2345575.13,Disponible
115,115,1,1,1,2,1,1,1,1,1,100000.24,345632.14,2345575.14,Disponible
116,116,1,1,1,3,1,1,1,1,1,100000.25,345632.15,2345575.15,Disponible
117,117,1,1,1,4,1,1,1,1,1,100000.26,345632.16,2345575.16,Disponible
118,118,1,1,1,5,1,1,1,1,1,100000.27,345632.17,2345575.17,Disponible
119,119,1,1,1,6,1,1,1,1,1,100000.28,345632.18,2345575.18,Disponible
120,120,1,1,1,1,1,1,1,1,1,100000.29,345632.19,2345575.19,Disponible
121,121,1,1,1,2,1,1,1,1,1,100000.3,345632.2,2345575.2,Disponible
122,122,1,1,1,3,1,1,1,1,1,100000.31,345632.21,2345575.21,Disponible
123,123,1,1,1,4,1,1,1,1,1,100000.32,345632.22,2345575.22,Disponible
124,124,1,1,1,5,1,1,1,1,1,100000.33,345632.23,2345575.23,Disponible
125,125,1,1,1,1,1,1,1,1,1,100000.34,345632.24,2345575.24,Disponible
126,126,1,1,1,2,1,1,1,1,1,100000.35,345632.25,2345575.25,Disponible
127,127,1,1,1,3,1,1,1,1,1,100000.36,345632.26,2345575.26,Disponible
128,128,1,1,1,4,1,1,1,1,1,100000.37,345632.27,2345575.27,Disponible
129,129,1,1,1,5,1,1,1,1,1,100000.38,345632.28,2345575.28,Disponible
130,130,1,1,1,6,1,1,1,1,1,100000.39,345632.29,2345575.29,Disponible
131,131,1,1,1,1,1,1,1,1,1,100000.4,345632.3,2345575.3,Disponible
132,132,1,1,1,2,1,1,1,1,1,100000.41,345632.31,2345575.31,Disponible
133,133,1,1,1,3,1,1,1,1,1,100000.42,345632.32,2345575.32,Disponible
134,134,1,1,1,4,1,1,1,1,1,100000.43,345632.33,2345575.33,Disponible
135,135,1,1,1,5,1,1,1,1,1,100000.44,345632.34,2345575.34,Disponible
136,136,1,1,1,6,1,1,1,1,1,100000.45,345632.35,2345575.35,Disponible
137,137,1,1,1,1,1,1,1,1,1,100000.46,345632.36,2345575.36,Disponible
138,138,1,1,1,2,1,1,1,1,1,100000.47,345632.37,2345575.37,Disponible
139,139,1,1,1,3,1,1,1,1,1,100000.48,345632.38,2345575.38,Disponible
140,140,1,1,1,4,1,1,1,1,1,100000.49,345632.39,2345575.39,Disponible
141,141,1,1,1,5,1,1,1,1,1,100000.5,345632.4,2345575.4,Disponible
142,142,1,1,1,6,1,1,1,1,1,100000.51,345632.41,2345575.41,Disponible
143,143,1,1,1,1,1,1,1,1,1,100000.52,345632.42,2345575.42,Disponible
144,144,1,1,1,2,1,1,1,1,1,100000.53,345632.43,2345575.43,Disponible
145,145,1,1,1,3,1,1,1,1,1,100000.54,345632.44,2345575.44,Disponible
146,146,1,1,1,4,1,1,1,1,1,100000.55,345632.45,2345575.45,Disponible
147,147,1,1,1,5,1,1,1,1,1,100000.56,345632.46,2345575.46,Disponible
148,148,1,1,1,6,1,1,1,1,1,100000.57,345632.47,2345575.47,Disponible
149,149,1,1,1,1,1,1,1,1,1,100000.58,345632.48,2345575.48,Disponible
150,150,1,1,1,2,1,1,1,1,1,100000.59,345632.49,2345575.49,Disponible
151,151,1,1,1,3,1,1,1,1,1,100000.6,345632.5,2345575.5,Disponible
152,152,1,1,1,4,1,1,1,1,1,100000.61,345632.51,2345575.51,Disponible
153,153,1,1,1,5,1,1,1,1,1,100000.62,345632.52,2345575.52,Disponible
154,154,1,1,1,6,1,1,1,1,1,100000.63,345632.53,2345575.53,Disponible
155,155,1,1,1,1,1,1,1,1,1,100000.64,345632.54,2345575.54,Disponible
156,156,1,1,1,2,1,1,1,1,1,100000.65,345632.55,2345575.55,Disponible
157,157,1,1,1,3,1,1,1,1,1,100000.66,345632.56,2345575.56,Disponible
158,158,1,1,1,4,1,1,1,1,1,100000.67,345632.57,2345575.57,Disponible
159,159,1,1,1,5,1,1,1,1,1,100000.68,345632.58,2345575.58,Disponible
160,160,1,1,1,6,1,1,1,1,1,100000.69,345632.59,2345575.59,Disponible
161,161,1,1,1,1,1,1,1,1,1,100000.7,345632.6,2345575.6,Disponible
162,162,1,1,1,2,1,1,1,1,1,100000.71,345632.61,2345575.61,Disponible
163,163,1,1,1,3,1,1,1,1,1,100000.72,345632.62,2345575.62,Disponible
164,164,1,1,1,4,1,1,1,1,1,100000.73,345632.63,2345575.63,Disponible
165,165,1,1,1,5,1,1,1,1,1,100000.74,345632.64,2345575.64,Disponible
166,166,1,1,1,6,1,1,1,1,1,100000.75,345632.65,2345575.65,Disponible
167,167,1,1,1,1,1,1,1,1,1,100000.76,345632.66,2345575.66,Disponible
168,168,1,1,1,2,1,1,1,1,1,100000.77,345632.67,2345575.67,Disponible
169,169,1,1,1,3,1,1,1,1,1,100000.78,345632.68,2345575.68,Disponible
170,170,1,1,1,4,1,1,1,1,1,100000.79,345632.69,2345575.69,Disponible
171,171,1,1,1,5,1,1,1,1,1,100000.8,345632.7,2345575.7,Disponible
172,172,1,1,1,1,1,1,1,1,1,100000.81,345632.71,2345575.71,Disponible
173,173,1,1,1,2,1,1,1,1,1,100000.82,345632.72,2345575.72,Disponible
174,174,1,1,1,3,1,1,1,1,1,100000.83,345632.73,2345575.73,Disponible
175,175,1,1,1,4,1,1,1,1,1,100000.84,345632.74,2345575.74,Disponible
176,176,1,1,1,5,1,1,1,1,1,100000.85,345632.75,2345575.75,Disponible
177,177,1,1,1,6,1,1,1,1,1,100000.86,345632.76,2345575.76,Disponible
178,178,1,1,1,1,1,1,1,1,1,100000.87,345632.77,2345575.77,Disponible
179,179,1,1,1,2,1,1,1,1,1,100000.88,345632.78,2345575.78,Disponible
180,180,1,1,1,3,1,1,1,1,1,100000.89,345632.79,2345575.79,Disponible
181,181,1,1,1,4,1,1,1,1,1,100000.9,345632.8,2345575.8,Disponible
182,182,1,1,1,5,1,1,1,1,1,100000.91,345632.81,2345575.81,Disponible
183,183,1,1,1,6,1,1,1,1,1,100000.92,345632.82,2345575.82,Disponible
184,184,1,1,1,1,1,1,1,1,1,100000.93,345632.83,2345575.83,Disponible
185,185,1,1,1,2,1,1,1,1,1,100000.94,345632.84,2345575.84,Disponible
186,186,1,1,1,3,1,1,1,1,1,100000.95,345632.85,2345575.85,Disponible
187,187,1,1,1,4,1,1,1,1,1,100000.96,345632.86,2345575.86,Disponible
188,188,1,1,1,5,1,1,1,1,1,100000.97,345632.87,2345575.87,Disponible
189,189,1,1,1,6,1,1,1,1,1,100000.98,345632.88,2345575.88,Disponible
190,190,1,1,1,1,1,1,1,1,1,100000.99,345632.89,2345575.89,Disponible
191,191,1,1,1,2,1,1,1,1,1,100000.01,345632.9,2345575.9,Disponible
192,192,1,1,1,3,1,1,1,1,1,100000.02,345632.91,2345575.91,Disponible
193,193,1,1,1,4,1,1,1,1,1,100000.03,345632.92,2345575.92,Disponible
194,194,1,1,1,5,1,1,1,1,1,100000.04,345632.93,2345575.93,Disponible
195,195,1,1,1,6,1,1,1,1,1,100000.05,345632.94,2345575.94,Disponible
196,196,1,1,1,6,1,1,1,1,1,100000.06,345632.95,2345575.95,Disponible
197,197,1,1,1,1,1,1,1,1,1,100000.07,345632.96,2345575.96,Disponible
198,198,1,1,1,2,1,1,1,1,1,100000.08,345632.97,2345575.97,Disponible
199,199,1,1,1,3,1,1,1,1,1,100000.09,345632.98,2345575.98,Disponible
200,200,1,1,1,4,1,1,1,1,1,100000.1,345632.99,2345575.99,Disponible
201,201,1,1,1,5,1,1,1,1,1,100000.11,768302,4527359,Disponible
202,202,1,1,1,6,1,1,1,1,1,100000.12,768302.01,4527359.01,Disponible
203,203,1,1,1,1,1,1,1,1,1,100000.13,768302.02,4527359.02,Disponible
204,204,1,1,1,2,1,1,1,1,1,100000.14,768302.03,4527359.03,Disponible
205,205,1,1,1,3,1,1,1,1,1,100000.15,768302.04,4527359.04,Disponible
206,206,1,1,1,4,1,1,1,1,1,100000.16,768302.05,4527359.05,Disponible
207,207,1,1,1,5,1,1,1,1,1,100000.17,768302.06,4527359.06,Disponible
208,208,1,1,1,6,1,1,1,1,1,100000.18,768302.07,4527359.07,Disponible
209,209,1,1,1,1,1,1,1,1,1,100000.19,768302.08,4527359.08,Disponible
210,210,1,1,1,2,1,1,1,1,1,100000.2,768302.09,4527359.09,Disponible
211,211,1,1,1,3,1,1,1,1,1,100000.21,768302.1,4527359.1,Disponible
212,212,1,1,1,4,1,1,1,1,1,100000.22,768302.11,4527359.11,Disponible
213,213,1,1,1,5,1,1,1,1,1,100000.23,768302.12,4527359.12,Disponible
214,214,1,1,1,6,1,1,1,1,1,100000.24,768302.13,4527359.13,Disponible
215,215,1,1,1,1,1,1,1,1,1,100000.25,768302.14,4527359.14,Disponible
216,216,1,1,1,2,1,1,1,1,1,100000.26,768302.15,4527359.15,Disponible
217,217,1,1,1,3,1,1,1,1,1,100000.27,768302.16,4527359.16,Disponible
218,218,1,1,1,4,1,1,1,1,1,100000.28,768302.17,4527359.17,Disponible
219,219,1,1,1,5,1,1,1,1,1,100000.29,768302.18,4527359.18,Disponible
220,220,1,1,1,6,1,1,1,1,1,100000.3,768302.19,4527359.19,Disponible
221,221,1,1,1,1,1,1,1,1,1,100000.31,768302.2,4527359.2,Disponible
222,222,1,1,1,2,1,1,1,1,1,100000.32,768302.21,4527359.21,Disponible
223,223,1,1,1,3,1,1,1,1,1,100000.33,768302.22,4527359.22,Disponible
224,224,1,1,1,4,1,1,1,1,1,100000.34,768302.23,4527359.23,Disponible
225,225,1,1,1,5,1,1,1,1,1,100000.35,768302.24,4527359.24,Disponible
226,226,1,1,1,6,1,1,1,1,1,100000.36,768302.25,4527359.25,Disponible
227,227,1,1,1,1,1,1,1,1,1,100000.37,768302.26,4527359.26,Disponible
228,228,1,1,1,2,1,1,1,1,1,100000.38,768302.27,4527359.27,Disponible
229,229,1,1,1,3,1,1,1,1,1,100000.39,768302.28,4527359.28,Disponible
230,230,1,1,1,4,1,1,1,1,1,100000.4,768302.29,4527359.29,Disponible
231,231,1,1,1,5,1,1,1,1,1,100000.41,768302.3,4527359.3,Disponible
232,232,1,1,1,6,1,1,1,1,1,100000.42,768302.31,4527359.31,Disponible
233,233,1,1,1,1,1,1,1,1,1,100000.43,768302.32,4527359.32,Disponible
234,234,1,1,1,2,1,1,1,1,1,100000.44,768302.33,4527359.33,Disponible
235,235,1,1,1,3,1,1,1,1,1,100000.45,768302.34,4527359.34,Disponible
236,236,1,1,1,4,1,1,1,1,1,100000.46,768302.35,4527359.35,Disponible
237,237,1,1,1,5,1,1,1,1,1,100000.47,768302.36,4527359.36,Disponible
238,238,1,1,1,1,1,1,1,1,1,100000.48,768302.37,4527359.37,Disponible
239,239,1,1,1,2,1,1,1,1,1,100000.49,768302.38,4527359.38,Disponible
240,240,1,1,1,3,1,1,1,1,1,100000.5,768302.39,4527359.39,Disponible
241,241,1,1,1,4,1,1,1,1,1,100000.51,768302.4,4527359.4,Disponible
242,242,1,1,1,5,1,1,1,1,1,100000.52,768302.41,4527359.41,Disponible
243,243,1,1,1,6,1,1,1,1,1,100000.53,768302.42,4527359.42,Disponible
244,244,1,1,1,1,1,1,1,1,1,100000.54,768302.43,4527359.43,Disponible
245,245,1,1,1,2,1,1,1,1,1,100000.55,768302.44,4527359.44,Disponible
246,246,1,1,1,3,1,1,1,1,1,100000.56,768302.45,4527359.45,Disponible
247,247,1,1,1,4,1,1,1,1,1,100000.57,768302.46,4527359.46,Disponible
248,248,1,1,1,5,1,1,1,1,1,100000.58,768302.47,4527359.47,Disponible
249,249,1,1,1,6,1,1,1,1,1,100000.59,768302.48,4527359.48,Disponible
250,250,1,1,1,1,1,1,1,1,1,100000.6,768302.49,4527359.49,Disponible
251,251,1,1,1,2,1,1,1,1,1,100000.61,768302.5,4527359.5,Disponible
252,252,1,1,1,3,1,1,1,1,1,100000.62,768302.51,4527359.51,Disponible
253,253,1,1,1,4,1,1,1,1,1,100000.63,768302.52,4527359.52,Disponible
254,254,1,1,1,5,1,1,1,1,1,100000.64,768302.53,4527359.53,Disponible
255,255,1,1,1,6,1,1,1,1,1,100000.65,768302.54,4527359.54,Disponible
256,256,1,1,1,1,1,1,1,1,1,100000.66,768302.55,4527359.55,Disponible
257,257,1,1,1,2,1,1,1,1,1,100000.67,768302.56,4527359.56,Disponible
258,258,1,1,1,3,1,1,1,1,1,100000.68,768302.57,4527359.57,Disponible
259,259,1,1,1,4,1,1,1,1,1,100000.69,768302.58,4527359.58,Disponible
260,260,1,1,1,5,1,1,1,1,1,100000.7,768302.59,4527359.59,Disponible
261,261,1,1,1,6,1,1,1,1,1,100000.71,768302.6,4527359.6,Disponible
262,262,1,1,1,1,1,1,1,1,1,100000.72,768302.61,4527359.61,Disponible
263,263,1,1,1,2,1,1,1,1,1,100000.73,768302.62,4527359.62,Disponible
264,264,1,1,1,3,1,1,1,1,1,100000.74,768302.63,4527359.63,Disponible
265,265,1,1,1,4,1,1,1,1,1,100000.75,768302.64,4527359.64,Disponible
266,266,1,1,1,5,1,1,1,1,1,100000.76,768302.65,4527359.65,Disponible
267,267,1,1,1,6,1,1,1,1,1,100000.77,768302.66,4527359.66,Disponible
268,268,1,1,1,1,1,1,1,1,1,100000.78,768302.67,4527359.67,Disponible
269,269,1,1,1,2,1,1,1,1,1,100000.79,768302.68,4527359.68,Disponible
270,270,1,1,1,3,1,1,1,1,1,100000.8,768302.69,4527359.69,Disponible
271,271,1,1,1,4,1,1,1,1,1,100000.81,768302.7,4527359.7,Disponible
272,272,1,1,1,5,1,1,1,1,1,100000.82,768302.71,4527359.71,Disponible
273,273,1,1,1,6,1,1,1,1,1,100000.83,768302.72,4527359.72,Disponible
274,274,1,1,1,1,1,1,1,1,1,100000.84,768302.73,4527359.73,Disponible
275,275,1,1,1,2,1,1,1,1,1,100000.85,768302.74,4527359.74,Disponible
276,276,1,1,1,3,1,1,1,1,1,100000.86,768302.75,4527359.75,Disponible
277,277,1,1,1,4,1,1,1,1,1,100000.87,768302.76,4527359.76,Disponible
278,278,1,1,1,5,1,1,1,1,1,100000.88,768302.77,4527359.77,Disponible
279,279,1,1,1,6,1,1,1,1,1,100000.89,768302.78,4527359.78,Disponible
280,280,1,1,1,1,1,1,1,1,1,100000.9,768302.79,4527359.79,Disponible
281,281,1,1,1,2,1,1,1,1,1,100000.91,768302.8,4527359.8,Disponible
282,282,1,1,1,3,1,1,1,1,1,100000.92,768302.81,4527359.81,Disponible
283,283,1,1,1,4,1,1,1,1,1,100000.93,768302.82,4527359.82,Disponible
284,284,1,1,1,5,1,1,1,1,1,100000.94,768302.83,4527359.83,Disponible
285,285,1,1,1,1,1,1,1,1,1,100000.95,768302.84,4527359.84,Disponible
286,286,1,1,1,2,1,1,1,1,1,100000.96,768302.85,4527359.85,Disponible
287,287,1,1,1,3,1,1,1,1,1,100000.97,768302.86,4527359.86,Disponible
288,288,1,1,1,4,1,1,1,1,1,100000.98,768302.87,4527359.87,Disponible
289,289,1,1,1,5,1,1,1,1,1,100000.99,768302.88,4527359.88,Disponible
290,290,1,1,1,6,1,1,1,1,1,100000.09,768302.89,4527359.89,Disponible
291,291,1,1,1,1,1,1,1,1,1,100000.1,768302.9,4527359.9,Disponible
292,292,1,1,1,2,1,1,1,1,1,100000.11,768302.91,4527359.91,Disponible
293,293,1,1,1,3,1,1,1,1,1,100000.12,768302.92,4527359.92,Disponible
294,294,1,1,1,4,1,1,1,1,1,100000.13,768302.93,4527359.93,Disponible
295,295,1,1,1,5,1,1,1,1,1,100000.14,768302.94,4527359.94,Disponible
296,296,1,1,1,6,1,1,1,1,1,100000.15,768302.95,4527359.95,Disponible
297,297,1,1,1,1,1,1,1,1,1,100000.16,768302.96,4527359.96,Disponible
298,298,1,1,1,2,1,1,1,1,1,100000.17,768302.97,4527359.97,Disponible
299,299,1,1,1,3,1,1,1,1,1,100000.18,768302.98,4527359.98,Disponible
300,300,1,1,1,4,1,1,1,1,1,100000.19,768302.99,4527359.99,Disponible
301,301,1,1,1,5,1,1,1,1,1,100000.2,456743,5639395,Disponible
302,302,1,1,1,6,1,1,1,1,1,100000.21,456743.01,5639395.01,Disponible
303,303,1,1,1,1,1,1,1,1,1,100000.22,456743.02,5639395.02,Disponible
304,304,1,1,1,2,1,1,1,1,1,100000.23,456743.03,5639395.03,Disponible
305,305,1,1,1,3,1,1,1,1,1,100000.24,456743.04,5639395.04,Disponible
306,306,1,1,1,4,1,1,1,1,1,100000.25,456743.05,5639395.05,Disponible
307,307,1,1,1,5,1,1,1,1,1,100000.26,456743.06,5639395.06,Disponible
308,308,1,1,1,6,1,1,1,1,1,100000.27,456743.07,5639395.07,Disponible
309,309,1,1,1,6,1,1,1,1,1,100000.28,456743.08,5639395.08,Disponible
310,310,1,1,1,1,1,1,1,1,1,100000.29,456743.09,5639395.09,Disponible
311,311,1,1,1,2,1,1,1,1,1,100000.3,456743.1,5639395.1,Disponible
312,312,1,1,1,3,1,1,1,1,1,100000.31,456743.11,5639395.11,Disponible
313,313,1,1,1,4,1,1,1,1,1,100000.32,456743.12,5639395.12,Disponible
314,314,1,1,1,5,1,1,1,1,1,100000.33,456743.13,5639395.13,Disponible
315,315,1,1,1,6,1,1,1,1,1,100000.34,456743.14,5639395.14,Disponible
316,316,1,1,1,1,1,1,1,1,1,100000.35,456743.15,5639395.15,Disponible
317,317,1,1,1,2,1,1,1,1,1,100000.36,456743.16,5639395.16,Disponible
318,318,1,1,1,3,1,1,1,1,1,100000.37,456743.17,5639395.17,Disponible
319,319,1,1,1,4,1,1,1,1,1,100000.38,456743.18,5639395.18,Disponible
320,320,1,1,1,5,1,1,1,1,1,100000.39,456743.19,5639395.19,Disponible
321,321,1,1,1,6,1,1,1,1,1,100000.4,456743.2,5639395.2,Disponible
322,322,1,1,1,1,1,1,1,1,1,100000.41,456743.21,5639395.21,Disponible
323,323,1,1,1,2,1,1,1,1,1,100000.42,456743.22,5639395.22,Disponible
324,324,1,1,1,3,1,1,1,1,1,100000.43,456743.23,5639395.23,Disponible
325,325,1,1,1,4,1,1,1,1,1,100000.44,456743.24,5639395.24,Disponible
326,326,1,1,1,5,1,1,1,1,1,100000.45,456743.25,5639395.25,Disponible
327,327,1,1,1,6,1,1,1,1,1,100000.46,456743.26,5639395.26,Disponible
328,328,1,1,1,1,1,1,1,1,1,100000.47,456743.27,5639395.27,Disponible
329,329,1,1,1,2,1,1,1,1,1,100000.48,456743.28,5639395.28,Disponible
330,330,1,1,1,3,1,1,1,1,1,100000.49,456743.29,5639395.29,Disponible
331,331,1,1,1,4,1,1,1,1,1,100000.5,456743.3,5639395.3,Disponible
332,332,1,1,1,5,1,1,1,1,1,100000.51,456743.31,5639395.31,Disponible
333,333,1,1,1,6,1,1,1,1,1,100000.52,456743.32,5639395.32,Disponible
334,334,1,1,1,1,1,1,1,1,1,100000.53,456743.33,5639395.33,Disponible
335,335,1,1,1,2,1,1,1,1,1,100000.54,456743.34,5639395.34,Disponible
336,336,1,1,1,3,1,1,1,1,1,100000.55,456743.35,5639395.35,Disponible
337,337,1,1,1,4,1,1,1,1,1,100000.56,456743.36,5639395.36,Disponible
338,338,1,1,1,5,1,1,1,1,1,100000.57,456743.37,5639395.37,Disponible
339,339,1,1,1,1,1,1,1,1,1,100000.58,456743.38,5639395.38,Disponible
340,340,1,1,1,2,1,1,1,1,1,100000.59,456743.39,5639395.39,Disponible
341,341,1,1,1,3,1,1,1,1,1,100000.6,456743.4,5639395.4,Disponible
342,342,1,1,1,4,1,1,1,1,1,100000.61,456743.41,5639395.41,Disponible
343,343,1,1,1,5,1,1,1,1,1,100000.62,456743.42,5639395.42,Disponible
344,344,1,1,1,6,1,1,1,1,1,100000.63,456743.43,5639395.43,Disponible
345,345,1,1,1,1,1,1,1,1,1,100000.64,456743.44,5639395.44,Disponible
346,346,1,1,1,2,1,1,1,1,1,100000.65,456743.45,5639395.45,Disponible
347,347,1,1,1,3,1,1,1,1,1,100000.66,456743.46,5639395.46,Disponible
348,348,1,1,1,4,1,1,1,1,1,100000.67,456743.47,5639395.47,Disponible
349,349,1,1,1,5,1,1,1,1,1,100000.68,456743.48,5639395.48,Disponible
350,350,1,1,1,1,1,1,1,1,1,100000.69,456743.49,5639395.49,Disponible
351,351,1,1,1,2,1,1,1,1,1,100000.7,456743.5,5639395.5,Disponible
352,352,1,1,1,3,1,1,1,1,1,100000.71,456743.51,5639395.51,Disponible
353,353,1,1,1,4,1,1,1,1,1,100000.72,456743.52,5639395.52,Disponible
354,354,1,1,1,5,1,1,1,1,1,100000.73,456743.53,5639395.53,Disponible
355,355,1,1,1,6,1,1,1,1,1,100000.74,456743.54,5639395.54,Disponible
356,356,1,1,1,1,1,1,1,1,1,100000.75,456743.55,5639395.55,Disponible
357,357,1,1,1,2,1,1,1,1,1,100000.76,456743.56,5639395.56,Disponible
358,358,1,1,1,3,1,1,1,1,1,100000.77,456743.57,5639395.57,Disponible
359,359,1,1,1,4,1,1,1,1,1,100000.78,456743.58,5639395.58,Disponible
360,360,1,1,1,5,1,1,1,1,1,100000.79,456743.59,5639395.59,Disponible
361,361,1,1,1,6,1,1,1,1,1,100000.8,456743.6,5639395.6,Disponible
362,362,1,1,1,1,1,1,1,1,1,100000.81,456743.61,5639395.61,Disponible
363,363,1,1,1,2,1,1,1,1,1,100000.82,456743.62,5639395.62,Disponible
364,364,1,1,1,3,1,1,1,1,1,100000.83,456743.63,5639395.63,Disponible
365,365,1,1,1,4,1,1,1,1,1,100000.84,456743.64,5639395.64,Disponible
366,366,1,1,1,5,1,1,1,1,1,100000.85,456743.65,5639395.65,Disponible
367,367,1,1,1,6,1,1,1,1,1,100000.86,456743.66,5639395.66,Disponible
368,368,1,1,1,1,1,1,1,1,1,100000.87,456743.67,5639395.67,Disponible
369,369,1,1,1,2,1,1,1,1,1,100000.88,456743.68,5639395.68,Disponible
370,370,1,1,1,3,1,1,1,1,1,100000.89,456743.69,5639395.69,Disponible
371,371,1,1,1,4,1,1,1,1,1,100000.9,456743.7,5639395.7,Disponible
372,372,1,1,1,5,1,1,1,1,1,100000.91,456743.71,5639395.71,Disponible
373,373,1,1,1,6,1,1,1,1,1,100000.92,456743.72,5639395.72,Disponible
374,374,1,1,1,1,1,1,1,1,1,100000.93,456743.73,5639395.73,Disponible
375,375,1,1,1,2,1,1,1,1,1,100000.94,456743.74,5639395.74,Disponible
376,376,1,1,1,3,1,1,1,1,1,100000.95,456743.75,5639395.75,Disponible
377,377,1,1,1,4,1,1,1,1,1,100000.96,456743.76,5639395.76,Disponible
378,378,1,1,1,5,1,1,1,1,1,100000.97,456743.77,5639395.77,Disponible
379,379,1,1,1,6,1,1,1,1,1,100000.98,456743.78,5639395.78,Disponible
380,380,1,1,1,1,1,1,1,1,1,100000.99,456743.79,5639395.79,Disponible
381,381,1,1,1,2,1,1,1,1,1,100000.01,456743.8,5639395.8,Disponible
382,382,1,1,1,3,1,1,1,1,1,100000.02,456743.81,5639395.81,Disponible
383,383,1,1,1,4,1,1,1,1,1,100000.03,456743.82,5639395.82,Disponible
384,384,1,1,1,5,1,1,1,1,1,100000.04,456743.83,5639395.83,Disponible
385,385,1,1,1,6,1,1,1,1,1,100000.05,456743.84,5639395.84,Disponible
386,386,1,1,1,1,1,1,1,1,1,100000.06,456743.85,5639395.85,Disponible
387,387,1,1,1,2,1,1,1,1,1,100000.07,456743.86,5639395.86,Disponible
388,388,1,1,1,3,1,1,1,1,1,100000.08,456743.87,5639395.87,Disponible
389,389,1,1,1,4,1,1,1,1,1,100000.09,456743.88,5639395.88,Disponible
390,390,1,1,1,5,1,1,1,1,1,100000.1,456743.89,5639395.89,Disponible
391,391,1,1,1,6,1,1,1,1,1,100000.11,456743.9,5639395.9,Disponible
392,392,1,1,1,1,1,1,1,1,1,100000.12,456743.91,5639395.91,Disponible
393,393,1,1,1,2,1,1,1,1,1,100000.13,456743.92,5639395.92,Disponible
394,394,1,1,1,3,1,1,1,1,1,100000.14,456743.93,5639395.93,Disponible
395,395,1,1,1,4,1,1,1,1,1,100000.15,456743.94,5639395.94,Disponible
396,396,1,1,1,5,1,1,1,1,1,100000.16,456743.95,5639395.95,Disponible
397,397,1,1,1,1,1,1,1,1,1,100000.17,456743.96,5639395.96,Disponible
398,398,1,1,1,2,1,1,1,1,1,100000.18,456743.97,5639395.97,Disponible
399,399,1,1,1,3,1,1,1,1,1,100000.19,456743.98,5639395.98,Disponible
400,400,1,1,1,4,1,1,1,1,1,100000.2,456743.99,5639395.99,Disponible
401,401,1,1,1,5,1,1,1,1,1,100000.21,123456,7645368,Disponible
402,402,1,1,1,6,1,1,1,1,1,100000.22,123456.01,7645368.01,Disponible
403,403,1,1,1,1,1,1,1,1,1,100000.23,123456.02,7645368.02,Disponible
404,404,1,1,1,2,1,1,1,1,1,100000.24,123456.03,7645368.03,Disponible
405,405,1,1,1,3,1,1,1,1,1,100000.25,123456.04,7645368.04,Disponible
406,406,1,1,1,4,1,1,1,1,1,100000.26,123456.05,7645368.05,Disponible
407,407,1,1,1,5,1,1,1,1,1,100000.27,123456.06,7645368.06,Disponible
408,408,1,1,1,6,1,1,1,1,1,100000.28,123456.07,7645368.07,Disponible
409,409,1,1,1,1,1,1,1,1,1,100000.29,123456.08,7645368.08,Disponible
410,410,1,1,1,2,1,1,1,1,1,100000.3,123456.09,7645368.09,Disponible
411,411,1,1,1,3,1,1,1,1,1,100000.31,123456.1,7645368.1,Disponible
412,412,1,1,1,4,1,1,1,1,1,100000.32,123456.11,7645368.11,Disponible
413,413,1,1,1,5,1,1,1,1,1,100000.33,123456.12,7645368.12,Disponible
414,414,1,1,1,6,1,1,1,1,1,100000.34,123456.13,7645368.13,Disponible
415,415,1,1,1,1,1,1,1,1,1,100000.35,123456.14,7645368.14,Disponible
416,416,1,1,1,2,1,1,1,1,1,100000.36,123456.15,7645368.15,Disponible
417,417,1,1,1,3,1,1,1,1,1,100000.37,123456.16,7645368.16,Disponible
418,418,1,1,1,4,1,1,1,1,1,100000.38,123456.17,7645368.17,Disponible
419,419,1,1,1,5,1,1,1,1,1,100000.39,123456.18,7645368.18,Disponible
420,420,1,1,1,6,1,1,1,1,1,100000.4,123456.19,7645368.19,Disponible
421,421,1,1,1,6,1,1,1,1,1,100000.41,123456.2,7645368.2,Disponible
422,422,1,1,1,1,1,1,1,1,1,100000.42,123456.21,7645368.21,Disponible
423,423,1,1,1,2,1,1,1,1,1,100000.43,123456.22,7645368.22,Disponible
424,424,1,1,1,3,1,1,1,1,1,100000.44,123456.23,7645368.23,Disponible
425,425,1,1,1,4,1,1,1,1,1,100000.45,123456.24,7645368.24,Disponible
426,426,1,1,1,5,1,1,1,1,1,100000.46,123456.25,7645368.25,Disponible
427,427,1,1,1,6,1,1,1,1,1,100000.47,123456.26,7645368.26,Disponible
428,428,1,1,1,1,1,1,1,1,1,100000.48,123456.27,7645368.27,Disponible
429,429,1,1,1,2,1,1,1,1,1,100000.49,123456.28,7645368.28,Disponible
430,430,1,1,1,3,1,1,1,1,1,100000.5,123456.29,7645368.29,Disponible
431,431,1,1,1,4,1,1,1,1,1,100000.51,123456.3,7645368.3,Disponible
432,432,1,1,1,5,1,1,1,1,1,100000.52,123456.31,7645368.31,Disponible
433,433,1,1,1,6,1,1,1,1,1,100000.53,123456.32,7645368.32,Disponible
434,434,1,1,1,1,1,1,1,1,1,100000.54,123456.33,7645368.33,Disponible
435,435,1,1,1,2,1,1,1,1,1,100000.55,123456.34,7645368.34,Disponible
436,436,1,1,1,3,1,1,1,1,1,100000.56,123456.35,7645368.35,Disponible
437,437,1,1,1,4,1,1,1,1,1,100000.57,123456.36,7645368.36,Disponible
438,438,1,1,1,5,1,1,1,1,1,100000.58,123456.37,7645368.37,Disponible
439,439,1,1,1,6,1,1,1,1,1,100000.59,123456.38,7645368.38,Disponible
440,440,1,1,1,1,1,1,1,1,1,100000.6,123456.39,7645368.39,Disponible
441,441,1,1,1,2,1,1,1,1,1,100000.61,123456.4,7645368.4,Disponible
442,442,1,1,1,3,1,1,1,1,1,100000.62,123456.41,7645368.41,Disponible
443,443,1,1,1,4,1,1,1,1,1,100000.63,123456.42,7645368.42,Disponible
444,444,1,1,1,5,1,1,1,1,1,100000.64,123456.43,7645368.43,Disponible
445,445,1,1,1,6,1,1,1,1,1,100000.65,123456.44,7645368.44,Disponible
446,446,1,1,1,1,1,1,1,1,1,100000.66,123456.45,7645368.45,Disponible
447,447,1,1,1,2,1,1,1,1,1,100000.67,123456.46,7645368.46,Disponible
448,448,1,1,1,3,1,1,1,1,1,100000.68,123456.47,7645368.47,Disponible
449,449,1,1,1,4,1,1,1,1,1,100000.69,123456.48,7645368.48,Disponible
450,450,1,1,1,5,1,1,1,1,1,100000.7,123456.49,7645368.49,Disponible
451,451,1,1,1,6,1,1,1,1,1,100000.71,123456.5,7645368.5,Disponible
452,452,1,1,1,1,1,1,1,1,1,100000.72,123456.51,7645368.51,Disponible
453,453,1,1,1,2,1,1,1,1,1,100000.73,123456.52,7645368.52,Disponible
454,454,1,1,1,3,1,1,1,1,1,100000.74,123456.53,7645368.53,Disponible
455,455,1,1,1,4,1,1,1,1,1,100000.75,123456.54,7645368.54,Disponible
456,456,1,1,1,5,1,1,1,1,1,100000.76,123456.55,7645368.55,Disponible
457,457,1,1,1,6,1,1,1,1,1,100000.77,123456.56,7645368.56,Disponible
458,458,1,1,1,1,1,1,1,1,1,100000.78,123456.57,7645368.57,Disponible
459,459,1,1,1,2,1,1,1,1,1,100000.79,123456.58,7645368.58,Disponible
460,460,1,1,1,3,1,1,1,1,1,100000.8,123456.59,7645368.59,Disponible
461,461,1,1,1,4,1,1,1,1,1,100000.81,123456.6,7645368.6,Disponible
462,462,1,1,1,5,1,1,1,1,1,100000.82,123456.61,7645368.61,Disponible
463,463,1,1,1,1,1,1,1,1,1,100000.83,123456.62,7645368.62,Disponible
464,464,1,1,1,2,1,1,1,1,1,100000.84,123456.63,7645368.63,Disponible
465,465,1,1,1,3,1,1,1,1,1,100000.85,123456.64,7645368.64,Disponible
466,466,1,1,1,4,1,1,1,1,1,100000.86,123456.65,7645368.65,Disponible
467,467,1,1,1,5,1,1,1,1,1,100000.87,123456.66,7645368.66,Disponible
468,468,1,1,1,6,1,1,1,1,1,100000.88,123456.67,7645368.67,Disponible
469,469,1,1,1,1,1,1,1,1,1,100000.89,123456.68,7645368.68,Disponible
470,470,1,1,1,2,1,1,1,1,1,100000.9,123456.69,7645368.69,Disponible
471,471,1,1,1,3,1,1,1,1,1,100000.91,123456.7,7645368.7,Disponible
472,472,1,1,1,4,1,1,1,1,1,100000.92,123456.71,7645368.71,Disponible
473,473,1,1,1,5,1,1,1,1,1,100000.93,123456.72,7645368.72,Disponible
474,474,1,1,1,6,1,1,1,1,1,100000.94,123456.73,7645368.73,Disponible
475,475,1,1,1,1,1,1,1,1,1,100000.95,123456.74,7645368.74,Disponible
476,476,1,1,1,2,1,1,1,1,1,100000.96,123456.75,7645368.75,Disponible
477,477,1,1,1,3,1,1,1,1,1,100000.97,123456.76,7645368.76,Disponible
478,478,1,1,1,4,1,1,1,1,1,100000.98,123456.77,7645368.77,Disponible
479,479,1,1,1,5,1,1,1,1,1,100000.99,123456.78,7645368.78,Disponible
480,480,1,1,1,6,1,1,1,1,1,100000.01,123456.79,7645368.79,Disponible
481,481,1,1,1,1,1,1,1,1,1,100000.02,123456.8,7645368.8,Disponible
482,482,1,1,1,2,1,1,1,1,1,100000.03,123456.81,7645368.81,Disponible
483,483,1,1,1,3,1,1,1,1,1,100000.04,123456.82,7645368.82,Disponible
484,484,1,1,1,4,1,1,1,1,1,100000.05,123456.83,7645368.83,Disponible
485,485,1,1,1,5,1,1,1,1,1,100000.06,123456.84,7645368.84,Disponible
486,486,1,1,1,6,1,1,1,1,1,100000.07,123456.85,7645368.85,Disponible
487,487,1,1,1,1,1,1,1,1,1,100000.08,123456.86,7645368.86,Disponible
488,488,1,1,1,2,1,1,1,1,1,100000.09,123456.87,7645368.87,Disponible
489,489,1,1,1,3,1,1,1,1,1,100000.1,123456.88,7645368.88,Disponible
490,490,1,1,1,4,1,1,1,1,1,100000.11,123456.89,7645368.89,Disponible
491,491,1,1,1,5,1,1,1,1,1,100000.12,123456.9,7645368.9,Disponible
492,492,1,1,1,6,1,1,1,1,1,100000.13,123456.91,7645368.91,Disponible
493,493,1,1,1,1,1,1,1,1,1,100000.14,123456.92,7645368.92,Disponible
494,494,1,1,1,2,1,1,1,1,1,100000.15,123456.93,7645368.93,Disponible
495,495,1,1,1,3,1,1,1,1,1,100000.16,123456.94,7645368.94,Disponible
496,496,1,1,1,4,1,1,1,1,1,100000.17,123456.95,7645368.95,Disponible
497,497,1,1,1,5,1,1,1,1,1,100000.18,123456.96,7645368.96,Disponible
498,498,1,1,1,6,1,1,1,1,1,100000.19,123456.97,7645368.97,Disponible
499,499,1,1,1,1,1,1,1,1,1,100000.2,123456.98,7645368.98,Disponible
500,500,1,1,1,2,1,1,1,1,1,100000.21,123456.99,7645368.99,Disponible
501,501,1,1,1,3,1,1,1,1,1,100000.22,987656,6467688,Disponible
502,502,1,1,1,4,1,1,1,1,1,100000.23,987656.01,6467688.01,Disponible
503,503,1,1,1,5,1,1,1,1,1,100000.24,987656.02,6467688.02,Disponible
504,504,1,1,1,6,1,1,1,1,1,100000.25,987656.03,6467688.03,Disponible
505,505,1,1,1,1,1,1,1,1,1,100000.26,987656.04,6467688.04,Disponible
506,506,1,1,1,2,1,1,1,1,1,100000.27,987656.05,6467688.05,Disponible
507,507,1,1,1,3,1,1,1,1,1,100000.28,987656.06,6467688.06,Disponible
508,508,1,1,1,4,1,1,1,1,1,100000.29,987656.07,6467688.07,Disponible
509,509,1,1,1,5,1,1,1,1,1,100000.3,987656.08,6467688.08,Disponible
510,510,1,1,1,1,1,1,1,1,1,100000.31,987656.09,6467688.09,Disponible
511,511,1,1,1,2,1,1,1,1,1,100000.32,987656.1,6467688.1,Disponible
512,512,1,1,1,3,1,1,1,1,1,100000.33,987656.11,6467688.11,Disponible
513,513,1,1,1,4,1,1,1,1,1,100000.34,987656.12,6467688.12,Disponible
514,514,1,1,1,5,1,1,1,1,1,100000.35,987656.13,6467688.13,Disponible
515,515,1,1,1,6,1,1,1,1,1,100000.36,987656.14,6467688.14,Disponible
516,516,1,1,1,1,1,1,1,1,1,100000.37,987656.15,6467688.15,Disponible
517,517,1,1,1,2,1,1,1,1,1,100000.38,987656.16,6467688.16,Disponible
518,518,1,1,1,3,1,1,1,1,1,100000.39,987656.17,6467688.17,Disponible
519,519,1,1,1,4,1,1,1,1,1,100000.4,987656.18,6467688.18,Disponible
520,520,1,1,1,5,1,1,1,1,1,100000.41,987656.19,6467688.19,Disponible
521,521,1,1,1,6,1,1,1,1,1,100000.42,987656.2,6467688.2,Disponible
522,522,1,1,1,1,1,1,1,1,1,100000.43,987656.21,6467688.21,Disponible
523,523,1,1,1,2,1,1,1,1,1,100000.44,987656.22,6467688.22,Disponible
524,524,1,1,1,3,1,1,1,1,1,100000.45,987656.23,6467688.23,Disponible
525,525,1,1,1,4,1,1,1,1,1,100000.46,987656.24,6467688.24,Disponible
526,526,1,1,1,5,1,1,1,1,1,100000.47,987656.25,6467688.25,Disponible
527,527,1,1,1,6,1,1,1,1,1,100000.48,987656.26,6467688.26,Disponible
528,528,1,1,1,1,1,1,1,1,1,100000.49,987656.27,6467688.27,Disponible
529,529,1,1,1,2,1,1,1,1,1,100000.5,987656.28,6467688.28,Disponible
530,530,1,1,1,3,1,1,1,1,1,100000.51,987656.29,6467688.29,Disponible
531,531,1,1,1,4,1,1,1,1,1,100000.52,987656.3,6467688.3,Disponible
532,532,1,1,1,5,1,1,1,1,1,100000.53,987656.31,6467688.31,Disponible
533,533,1,1,1,6,1,1,1,1,1,100000.54,987656.32,6467688.32,Disponible
534,534,1,1,1,6,1,1,1,1,1,100000.55,987656.33,6467688.33,Disponible
535,535,1,1,1,1,1,1,1,1,1,100000.56,987656.34,6467688.34,Disponible
536,536,1,1,1,2,1,1,1,1,1,100000.57,987656.35,6467688.35,Disponible
537,537,1,1,1,3,1,1,1,1,1,100000.58,987656.36,6467688.36,Disponible
538,538,1,1,1,4,1,1,1,1,1,100000.6,987656.37,6467688.37,Disponible
539,539,1,1,1,5,1,1,1,1,1,100000.59,987656.38,6467688.38,Disponible
540,540,1,1,1,6,1,1,1,1,1,100000.58,987656.39,6467688.39,Disponible
541,541,1,1,1,1,1,1,1,1,1,100000.57,987656.4,6467688.4,Disponible
542,542,1,1,1,2,1,1,1,1,1,100000.56,987656.41,6467688.41,Disponible
543,543,1,1,1,3,1,1,1,1,1,100000.55,987656.42,6467688.42,Disponible
544,544,1,1,1,4,1,1,1,1,1,100000.54,987656.43,6467688.43,Disponible
545,545,1,1,1,5,1,1,1,1,1,100000.53,987656.44,6467688.44,Disponible
546,546,1,1,1,6,1,1,1,1,1,100000.52,987656.45,6467688.45,Disponible
547,547,1,1,1,1,1,1,1,1,1,100000.51,987656.46,6467688.46,Disponible
548,548,1,1,1,2,1,1,1,1,1,100000.5,987656.47,6467688.47,Disponible
549,549,1,1,1,3,1,1,1,1,1,100000.49,987656.48,6467688.48,Disponible
550,550,1,1,1,4,1,1,1,1,1,100000.48,987656.49,6467688.49,Disponible
551,551,1,1,1,5,1,1,1,1,1,100000.47,987656.5,6467688.5,Disponible
552,552,1,1,1,6,1,1,1,1,1,100000.46,987656.51,6467688.51,Disponible
553,553,1,1,1,1,1,1,1,1,1,100000.45,987656.52,6467688.52,Disponible
554,554,1,1,1,2,1,1,1,1,1,100000.44,987656.53,6467688.53,Disponible
555,555,1,1,1,3,1,1,1,1,1,100000.43,987656.54,6467688.54,Disponible
556,556,1,1,1,4,1,1,1,1,1,100000.42,987656.55,6467688.55,Disponible
557,557,1,1,1,5,1,1,1,1,1,100000.41,987656.56,6467688.56,Disponible
558,558,1,1,1,6,1,1,1,1,1,100000.4,987656.57,6467688.57,Disponible
559,559,1,1,1,1,1,1,1,1,1,100000.39,987656.58,6467688.58,Disponible
560,560,1,1,1,2,1,1,1,1,1,100000.38,987656.59,6467688.59,Disponible
561,561,1,1,1,3,1,1,1,1,1,100000.37,987656.6,6467688.6,Disponible
562,562,1,1,1,4,1,1,1,1,1,100000.36,987656.61,6467688.61,Disponible
563,563,1,1,1,5,1,1,1,1,1,100000.35,987656.62,6467688.62,Disponible
564,564,1,1,1,1,1,1,1,1,1,100000.34,987656.63,6467688.63,Disponible
565,565,1,1,1,2,1,1,1,1,1,100000.33,987656.64,6467688.64,Disponible
566,566,1,1,1,3,1,1,1,1,1,100000.32,987656.65,6467688.65,Disponible
567,567,1,1,1,4,1,1,1,1,1,100000.31,987656.66,6467688.66,Disponible
568,568,1,1,1,5,1,1,1,1,1,100000.3,987656.67,6467688.67,Disponible
569,569,1,1,1,6,1,1,1,1,1,100000.29,987656.68,6467688.68,Disponible
570,570,1,1,1,1,1,1,1,1,1,100000.28,987656.69,6467688.69,Disponible
571,571,1,1,1,2,1,1,1,1,1,100000.27,987656.7,6467688.7,Disponible
572,572,1,1,1,3,1,1,1,1,1,100000.26,987656.71,6467688.71,Disponible
573,573,1,1,1,4,1,1,1,1,1,100000.25,987656.72,6467688.72,Disponible
574,574,1,1,1,5,1,1,1,1,1,100000.24,987656.73,6467688.73,Disponible
575,575,1,1,1,1,1,1,1,1,1,100000.23,987656.74,6467688.74,Disponible
576,576,1,1,1,2,1,1,1,1,1,100000.22,987656.75,6467688.75,Disponible
577,577,1,1,1,3,1,1,1,1,1,100000.21,987656.76,6467688.76,Disponible
578,578,1,1,1,4,1,1,1,1,1,100000.2,987656.77,6467688.77,Disponible
579,579,1,1,1,5,1,1,1,1,1,100000.19,987656.78,6467688.78,Disponible
580,580,1,1,1,6,1,1,1,1,1,100000.18,987656.79,6467688.79,Disponible
581,581,1,1,1,1,1,1,1,1,1,100000.17,987656.8,6467688.8,Disponible
582,582,1,1,1,2,1,1,1,1,1,100000.16,987656.81,6467688.81,Disponible
583,583,1,1,1,3,1,1,1,1,1,100000.15,987656.82,6467688.82,Disponible
584,584,1,1,1,4,1,1,1,1,1,100000.14,987656.83,6467688.83,Disponible
585,585,1,1,1,5,1,1,1,1,1,100000.13,987656.84,6467688.84,Disponible
586,586,1,1,1,6,1,1,1,1,1,100000.12,987656.85,6467688.85,Disponible
587,587,1,1,1,1,1,1,1,1,1,100000.11,987656.86,6467688.86,Disponible
588,588,1,1,1,2,1,1,1,1,1,100000.1,987656.87,6467688.87,Disponible
589,589,1,1,1,3,1,1,1,1,1,100000.09,987656.88,6467688.88,Disponible
590,590,1,1,1,4,1,1,1,1,1,100000.08,987656.89,6467688.89,Disponible
591,591,1,1,1,5,1,1,1,1,1,100000.07,987656.9,6467688.9,Disponible
592,592,1,1,1,6,1,1,1,1,1,100000.06,987656.91,6467688.91,Disponible
593,593,1,1,1,1,1,1,1,1,1,100000.05,987656.92,6467688.92,Disponible
594,594,1,1,1,2,1,1,1,1,1,100000.04,987656.93,6467688.93,Disponible
595,595,1,1,1,3,1,1,1,1,1,100000.03,987656.94,6467688.94,Disponible
596,596,1,1,1,4,1,1,1,1,1,100000.02,987656.95,6467688.95,Disponible
597,597,1,1,1,5,1,1,1,1,1,100000.01,987656.96,6467688.96,Disponible
598,598,1,1,1,6,1,1,1,1,1,100000,987656.97,6467688.97,Disponible
599,599,1,1,1,1,1,1,1,1,1,100000.01,987656.98,6467688.98,Disponible
600,600,1,1,1,2,1,1,1,1,1,100000.99,987656.99,6467688.99,Disponible
601,601,1,1,1,3,1,1,1,1,1,100000.98,435637,4567839,Disponible
602,602,1,1,1,4,1,1,1,1,1,100000.97,435637.01,4567839.01,Disponible
603,603,1,1,1,5,1,1,1,1,1,100000.96,435637.02,4567839.02,Disponible
604,604,1,1,1,6,1,1,1,1,1,100000.95,435637.03,4567839.03,Disponible
605,605,1,1,1,1,1,1,1,1,1,100000.94,435637.04,4567839.04,Disponible
606,606,1,1,1,2,1,1,1,1,1,100000.93,435637.05,4567839.05,Disponible
607,607,1,1,1,3,1,1,1,1,1,100000.92,435637.06,4567839.06,Disponible
608,608,1,1,1,4,1,1,1,1,1,100000.91,435637.07,4567839.07,Disponible
609,609,1,1,1,5,1,1,1,1,1,100000.9,435637.08,4567839.08,Disponible
610,610,1,1,1,6,1,1,1,1,1,100000.89,435637.09,4567839.09,Disponible
611,611,1,1,1,1,1,1,1,1,1,100000.88,435637.1,4567839.1,Disponible
612,612,1,1,1,2,1,1,1,1,1,100000.87,435637.11,4567839.11,Disponible
613,613,1,1,1,3,1,1,1,1,1,100000.86,435637.12,4567839.12,Disponible
614,614,1,1,1,4,1,1,1,1,1,100000.85,435637.13,4567839.13,Disponible
615,615,1,1,1,5,1,1,1,1,1,100000.84,435637.14,4567839.14,Disponible
616,616,1,1,1,6,1,1,1,1,1,100000.83,435637.15,4567839.15,Disponible
617,617,1,1,1,1,1,1,1,1,1,100000.82,435637.16,4567839.16,Disponible
618,618,1,1,1,2,1,1,1,1,1,100000.81,435637.17,4567839.17,Disponible
619,619,1,1,1,3,1,1,1,1,1,100000.8,435637.18,4567839.18,Disponible
620,620,1,1,1,4,1,1,1,1,1,100000.79,435637.19,4567839.19,Disponible
621,621,1,1,1,5,1,1,1,1,1,100000.78,435637.2,4567839.2,Disponible
622,622,1,1,1,1,1,1,1,1,1,100000.77,435637.21,4567839.21,Disponible
623,623,1,1,1,2,1,1,1,1,1,100000.76,435637.22,4567839.22,Disponible
624,624,1,1,1,3,1,1,1,1,1,100000.75,435637.23,4567839.23,Disponible
625,625,1,1,1,4,1,1,1,1,1,100000.74,435637.24,4567839.24,Disponible
626,626,1,1,1,5,1,1,1,1,1,100000.73,435637.25,4567839.25,Disponible
627,627,1,1,1,6,1,1,1,1,1,100000.72,435637.26,4567839.26,Disponible
628,628,1,1,1,1,1,1,1,1,1,100000.71,435637.27,4567839.27,Disponible
629,629,1,1,1,2,1,1,1,1,1,100000.7,435637.28,4567839.28,Disponible
630,630,1,1,1,3,1,1,1,1,1,100000.69,435637.29,4567839.29,Disponible
631,631,1,1,1,4,1,1,1,1,1,100000.68,435637.3,4567839.3,Disponible
632,632,1,1,1,5,1,1,1,1,1,100000.67,435637.31,4567839.31,Disponible
633,633,1,1,1,6,1,1,1,1,1,100000.66,435637.32,4567839.32,Disponible
634,634,1,1,1,1,1,1,1,1,1,100000.65,435637.33,4567839.33,Disponible
635,635,1,1,1,2,1,1,1,1,1,100000.64,435637.34,4567839.34,Disponible
636,636,1,1,1,3,1,1,1,1,1,100000.63,435637.35,4567839.35,Disponible
637,637,1,1,1,4,1,1,1,1,1,100000.62,435637.36,4567839.36,Disponible
638,638,1,1,1,5,1,1,1,1,1,100000.61,435637.37,4567839.37,Disponible
639,639,1,1,1,6,1,1,1,1,1,100000.6,435637.38,4567839.38,Disponible
640,640,1,1,1,1,1,1,1,1,1,100000.59,435637.39,4567839.39,Disponible
641,641,1,1,1,2,1,1,1,1,1,100000.58,435637.4,4567839.4,Disponible
642,642,1,1,1,3,1,1,1,1,1,100000.57,435637.41,4567839.41,Disponible
643,643,1,1,1,4,1,1,1,1,1,100000.56,435637.42,4567839.42,Disponible
644,644,1,1,1,5,1,1,1,1,1,100000.55,435637.43,4567839.43,Disponible
645,645,1,1,1,6,1,1,1,1,1,100000.54,435637.44,4567839.44,Disponible
646,646,1,1,1,6,1,1,1,1,1,100000.53,435637.45,4567839.45,Disponible
647,647,1,1,1,1,1,1,1,1,1,100000.52,435637.46,4567839.46,Disponible
648,648,1,1,1,2,1,1,1,1,1,100000.51,435637.47,4567839.47,Disponible
649,649,1,1,1,3,1,1,1,1,1,100000.5,435637.48,4567839.48,Disponible
650,650,1,1,1,4,1,1,1,1,1,100000.49,435637.49,4567839.49,Disponible
651,651,1,1,1,5,1,1,1,1,1,100000.48,435637.5,4567839.5,Disponible
652,652,1,1,1,6,1,1,1,1,1,100000.47,435637.51,4567839.51,Disponible
653,653,1,1,1,1,1,1,1,1,1,100000.46,435637.52,4567839.52,Disponible
654,654,1,1,1,2,1,1,1,1,1,100000.45,435637.53,4567839.53,Disponible
655,655,1,1,1,3,1,1,1,1,1,100000.44,435637.54,4567839.54,Disponible
656,656,1,1,1,4,1,1,1,1,1,100000.43,435637.55,4567839.55,Disponible
657,657,1,1,1,5,1,1,1,1,1,100000.42,435637.56,4567839.56,Disponible
658,658,1,1,1,6,1,1,1,1,1,100000.41,435637.57,4567839.57,Disponible
659,659,1,1,1,1,1,1,1,1,1,100000.4,435637.58,4567839.58,Disponible
660,660,1,1,1,2,1,1,1,1,1,100000.39,435637.59,4567839.59,Disponible
661,661,1,1,1,3,1,1,1,1,1,100000.38,435637.6,4567839.6,Disponible
662,662,1,1,1,4,1,1,1,1,1,100000.37,435637.61,4567839.61,Disponible
663,663,1,1,1,5,1,1,1,1,1,100000.36,435637.62,4567839.62,Disponible
664,664,1,1,1,6,1,1,1,1,1,100000.35,435637.63,4567839.63,Disponible
665,665,1,1,1,1,1,1,1,1,1,100000.34,435637.64,4567839.64,Disponible
666,666,1,1,1,2,1,1,1,1,1,100000.33,435637.65,4567839.65,Disponible
667,667,1,1,1,3,1,1,1,1,1,100000.32,435637.66,4567839.66,Disponible
668,668,1,1,1,4,1,1,1,1,1,100000.31,435637.67,4567839.67,Disponible
669,669,1,1,1,5,1,1,1,1,1,100000.3,435637.68,4567839.68,Disponible
670,670,1,1,1,6,1,1,1,1,1,100000.29,435637.69,4567839.69,Disponible
671,671,1,1,1,1,1,1,1,1,1,100000.28,435637.7,4567839.7,Disponible
672,672,1,1,1,2,1,1,1,1,1,100000.27,435637.71,4567839.71,Disponible
673,673,1,1,1,3,1,1,1,1,1,100000.26,435637.72,4567839.72,Disponible
674,674,1,1,1,4,1,1,1,1,1,100000.25,435637.73,4567839.73,Disponible
675,675,1,1,1,5,1,1,1,1,1,100000.24,435637.74,4567839.74,Disponible
676,676,1,1,1,6,1,1,1,1,1,100000.23,435637.75,4567839.75,Disponible
677,677,1,1,1,1,1,1,1,1,1,100000.22,435637.76,4567839.76,Disponible
678,678,1,1,1,2,1,1,1,1,1,100000.21,435637.77,4567839.77,Disponible
679,679,1,1,1,3,1,1,1,1,1,100000.2,435637.78,4567839.78,Disponible
680,680,1,1,1,4,1,1,1,1,1,100000.19,435637.79,4567839.79,Disponible
681,681,1,1,1,5,1,1,1,1,1,100000.18,435637.8,4567839.8,Disponible
682,682,1,1,1,6,1,1,1,1,1,100000.17,435637.81,4567839.81,Disponible
683,683,1,1,1,1,1,1,1,1,1,100000.16,435637.82,4567839.82,Disponible
684,684,1,1,1,2,1,1,1,1,1,100000.15,435637.83,4567839.83,Disponible
685,685,1,1,1,3,1,1,1,1,1,100000.14,435637.84,4567839.84,Disponible
686,686,1,1,1,4,1,1,1,1,1,100000.13,435637.85,4567839.85,Disponible
687,687,1,1,1,5,1,1,1,1,1,100000.12,435637.86,4567839.86,Disponible
688,688,1,1,1,6,1,1,1,1,1,100000.11,435637.87,4567839.87,Disponible
689,689,1,1,1,1,1,1,1,1,1,100000.1,435637.88,4567839.88,Disponible
690,690,1,1,1,2,1,1,1,1,1,100000.09,435637.89,4567839.89,Disponible
691,691,1,1,1,3,1,1,1,1,1,100000.08,435637.9,4567839.9,Disponible
692,692,1,1,1,4,1,1,1,1,1,100000.07,435637.91,4567839.91,Disponible
693,693,1,1,1,5,1,1,1,1,1,100000.06,435637.92,4567839.92,Disponible
694,694,1,1,1,6,1,1,1,1,1,100000.05,435637.93,4567839.93,Disponible
695,695,1,1,1,2,1,1,1,1,1,100000.04,435637.94,4567839.94,Disponible
696,696,1,1,1,3,1,1,1,1,1,100000.03,435637.95,4567839.95,Disponible
697,697,1,1,1,4,1,1,1,1,1,100000.02,435637.96,4567839.96,Disponible
698,698,1,1,1,2,1,1,1,1,1,100000.01,435637.97,4567839.97,Disponible
699,699,1,1,1,6,1,1,1,1,1,100000,435637.98,4567839.98,Disponible
700,700,1,1,1,5,1,1,1,1,1,100000.01,435637.99,4567839.99,Disponible
